http://abstractsearch.agu.org/keywords/0300,300,ATMOSPHERIC COMPOSITION AND STRUCTURE
http://abstractsearch.agu.org/keywords/0305,305,Aerosols and particles
http://abstractsearch.agu.org/keywords/0310,310,Airglow and aurora
http://abstractsearch.agu.org/keywords/0312,312,Air/sea constituent fluxes
http://abstractsearch.agu.org/keywords/0315,315,Biosphere/atmosphere interactions
http://abstractsearch.agu.org/keywords/0317,317,Chemical kinetic and photochemical properties
http://abstractsearch.agu.org/keywords/0319,319,Cloud optics
http://abstractsearch.agu.org/keywords/0320,320,Cloud physics and chemistry
http://abstractsearch.agu.org/keywords/0321,321,Cloud/radiation interaction
http://abstractsearch.agu.org/keywords/0322,322,Constituent sources and sinks
http://abstractsearch.agu.org/keywords/0325,325,Evolution of the atmosphere
http://abstractsearch.agu.org/keywords/0328,328,Exosphere
http://abstractsearch.agu.org/keywords/0330,330,Geochemical cycles
http://abstractsearch.agu.org/keywords/0335,335,Ion chemistry of the atmosphere
http://abstractsearch.agu.org/keywords/0340,340,Middle atmosphere: composition and chemistry
http://abstractsearch.agu.org/keywords/0341,341,Middle atmosphere: constituent transport and chemistry
http://abstractsearch.agu.org/keywords/0342,342,Middle atmosphere: energy deposition
http://abstractsearch.agu.org/keywords/0343,343,Planetary atmospheres
http://abstractsearch.agu.org/keywords/0345,345,Pollution: urban and regional
http://abstractsearch.agu.org/keywords/0350,350,Pressure density and temperature
http://abstractsearch.agu.org/keywords/0355,355,Thermosphere: composition and chemistry
http://abstractsearch.agu.org/keywords/0358,358,Thermosphere: energy deposition
http://abstractsearch.agu.org/keywords/0360,360,Radiation: transmission and scattering
http://abstractsearch.agu.org/keywords/0365,365,Troposphere: composition and chemistry
http://abstractsearch.agu.org/keywords/0368,368,Troposphere: constituent transport and chemistry
http://abstractsearch.agu.org/keywords/0370,370,Volcanic effects
http://abstractsearch.agu.org/keywords/0394,394,Instruments and techniques
http://abstractsearch.agu.org/keywords/0399,399,General or miscellaneous
http://abstractsearch.agu.org/keywords/0400,400,BIOGEOSCIENCES
http://abstractsearch.agu.org/keywords/0402,402,Agricultural systems
http://abstractsearch.agu.org/keywords/0404,404,Anoxic and hypoxic environments
http://abstractsearch.agu.org/keywords/0406,406,Astrobiology and extraterrestrial materials
http://abstractsearch.agu.org/keywords/0408,408,Benthic processes
http://abstractsearch.agu.org/keywords/0409,409,Bioavailability: chemical speciation and complexation
http://abstractsearch.agu.org/keywords/0410,410,Biodiversity
http://abstractsearch.agu.org/keywords/0412,412,Biogeochemical kinetics and reaction modeling
http://abstractsearch.agu.org/keywords/0414,414,Biogeochemical cycles processes and modeling
http://abstractsearch.agu.org/keywords/0416,416,Biogeophysics
http://abstractsearch.agu.org/keywords/0418,418,Bioremediation
http://abstractsearch.agu.org/keywords/0419,419,Biomineralization
http://abstractsearch.agu.org/keywords/0420,420,Biomolecular and chemical tracers
http://abstractsearch.agu.org/keywords/0422,422,Bio-optics
http://abstractsearch.agu.org/keywords/0424,424,Biosignatures and proxies
http://abstractsearch.agu.org/keywords/0426,426,Biosphere/atmosphere interactions
http://abstractsearch.agu.org/keywords/0428,428,Carbon cycling
http://abstractsearch.agu.org/keywords/0429,429,Climate dynamics
http://abstractsearch.agu.org/keywords/0430,430,Computational methods and data processing
http://abstractsearch.agu.org/keywords/0432,432,Contaminant and organic biogeochemistry
http://abstractsearch.agu.org/keywords/0434,434,Data sets
http://abstractsearch.agu.org/keywords/0438,438,Diel seasonal and annual cycles
http://abstractsearch.agu.org/keywords/0439,439,Ecosystems structure and dynamics
http://abstractsearch.agu.org/keywords/0442,442,Estuarine and nearshore processes
http://abstractsearch.agu.org/keywords/0444,444,Evolutionary geobiology
http://abstractsearch.agu.org/keywords/0448,448,Geomicrobiology
http://abstractsearch.agu.org/keywords/0450,450,Hydrothermal systems
http://abstractsearch.agu.org/keywords/0452,452,Instruments and techniques
http://abstractsearch.agu.org/keywords/0454,454,Isotopic composition and chemistry
http://abstractsearch.agu.org/keywords/0456,456,Life in extreme environments
http://abstractsearch.agu.org/keywords/0458,458,Limnology
http://abstractsearch.agu.org/keywords/0459,459,Macro- and micropaleontology
http://abstractsearch.agu.org/keywords/0460,460,Marine systems
http://abstractsearch.agu.org/keywords/0461,461,Metals
http://abstractsearch.agu.org/keywords/0463,463,Microbe/mineral interactions
http://abstractsearch.agu.org/keywords/0465,465,Microbiology: ecology physiology and genomics
http://abstractsearch.agu.org/keywords/0466,466,Modeling
http://abstractsearch.agu.org/keywords/0468,468,Natural hazards
http://abstractsearch.agu.org/keywords/0469,469,Nitrogen cycling
http://abstractsearch.agu.org/keywords/0470,470,Nutrients and nutrient cycling
http://abstractsearch.agu.org/keywords/0471,471,Oxidation/reduction reactions
http://abstractsearch.agu.org/keywords/0473,473,Paleoclimatology and paleoceanography
http://abstractsearch.agu.org/keywords/0475,475,Permafrost cryosphere and high-latitude processes
http://abstractsearch.agu.org/keywords/0476,476,Plant ecology
http://abstractsearch.agu.org/keywords/0478,478,Pollution: urban regional and global
http://abstractsearch.agu.org/keywords/0480,480,Remote sensing
http://abstractsearch.agu.org/keywords/0481,481,Restoration
http://abstractsearch.agu.org/keywords/0483,483,Riparian systems
http://abstractsearch.agu.org/keywords/0485,485,Science policy
http://abstractsearch.agu.org/keywords/0486,486,Soils/pedology
http://abstractsearch.agu.org/keywords/0488,488,Sulfur cycling
http://abstractsearch.agu.org/keywords/0489,489,Trace element cycling
http://abstractsearch.agu.org/keywords/0490,490,Trace gases
http://abstractsearch.agu.org/keywords/0491,491,Food webs and trophodynamics
http://abstractsearch.agu.org/keywords/0493,493,Urban systems
http://abstractsearch.agu.org/keywords/0495,495,Water/energy interactions
http://abstractsearch.agu.org/keywords/0496,496,Water quality
http://abstractsearch.agu.org/keywords/0497,497,Wetlands
http://abstractsearch.agu.org/keywords/0498,498,General or miscellaneous
http://abstractsearch.agu.org/keywords/0499,499,New fields (not classifiable under other headings)
http://abstractsearch.agu.org/keywords/0500,500,COMPUTATIONAL GEOPHYSICS
http://abstractsearch.agu.org/keywords/0510,510,Agent-based models
http://abstractsearch.agu.org/keywords/0515,515,Cellular automata
http://abstractsearch.agu.org/keywords/0520,520,Data analysis: algorithms and implementation
http://abstractsearch.agu.org/keywords/0525,525,Data management
http://abstractsearch.agu.org/keywords/0530,530,Data presentation and visualization
http://abstractsearch.agu.org/keywords/0535,535,Hardware solutions
http://abstractsearch.agu.org/keywords/0540,540,Image processing
http://abstractsearch.agu.org/keywords/0545,545,Modeling
http://abstractsearch.agu.org/keywords/0550,550,Model verification and validation
http://abstractsearch.agu.org/keywords/0555,555,Neural networks fuzzy logic machine learning
http://abstractsearch.agu.org/keywords/0560,560,Numerical solutions
http://abstractsearch.agu.org/keywords/0594,594,Instruments and techniques
http://abstractsearch.agu.org/keywords/0599,599,General or miscellaneous
http://abstractsearch.agu.org/keywords/0600,600,ELECTROMAGNETICS
http://abstractsearch.agu.org/keywords/0604,604,Antenna arrays
http://abstractsearch.agu.org/keywords/0609,609,Antennas
http://abstractsearch.agu.org/keywords/0614,614,Biological effects
http://abstractsearch.agu.org/keywords/0619,619,Electromagnetic theory
http://abstractsearch.agu.org/keywords/0624,624,Guided waves
http://abstractsearch.agu.org/keywords/0629,629,Inverse scattering
http://abstractsearch.agu.org/keywords/0634,634,Measurement and standards
http://abstractsearch.agu.org/keywords/0639,639,Nonlinear electromagnetics
http://abstractsearch.agu.org/keywords/0644,644,Numerical methods
http://abstractsearch.agu.org/keywords/0649,649,Optics
http://abstractsearch.agu.org/keywords/0654,654,Plasmas
http://abstractsearch.agu.org/keywords/0659,659,Random media and rough surfaces
http://abstractsearch.agu.org/keywords/0664,664,Reflectors and feeds
http://abstractsearch.agu.org/keywords/0669,669,Scattering and diffraction
http://abstractsearch.agu.org/keywords/0674,674,Signal processing and adaptive antennas
http://abstractsearch.agu.org/keywords/0679,679,Singularity expansion method
http://abstractsearch.agu.org/keywords/0684,684,Transient and time domain
http://abstractsearch.agu.org/keywords/0689,689,Wave propagation
http://abstractsearch.agu.org/keywords/0694,694,Instruments and techniques
http://abstractsearch.agu.org/keywords/0699,699,General or miscellaneous
http://abstractsearch.agu.org/keywords/0700,700,CRYOSPHERE
http://abstractsearch.agu.org/keywords/0702,702,Permafrost
http://abstractsearch.agu.org/keywords/0704,704,Seasonally frozen ground
http://abstractsearch.agu.org/keywords/0706,706,Active layer
http://abstractsearch.agu.org/keywords/0708,708,Thermokarst
http://abstractsearch.agu.org/keywords/0710,710,Periglacial processes
http://abstractsearch.agu.org/keywords/0712,712,Cryosol
http://abstractsearch.agu.org/keywords/0714,714,Clathrate
http://abstractsearch.agu.org/keywords/0716,716,Cryobiology
http://abstractsearch.agu.org/keywords/0718,718,Tundra
http://abstractsearch.agu.org/keywords/0720,720,Glaciers
http://abstractsearch.agu.org/keywords/0722,722,Rock glaciers
http://abstractsearch.agu.org/keywords/0724,724,Ice cores
http://abstractsearch.agu.org/keywords/0726,726,Ice sheets
http://abstractsearch.agu.org/keywords/0728,728,Ice shelves
http://abstractsearch.agu.org/keywords/0730,730,Ice streams
http://abstractsearch.agu.org/keywords/0732,732,Icebergs
http://abstractsearch.agu.org/keywords/0734,734,Icing (aufeis  naled)
http://abstractsearch.agu.org/keywords/0736,736,Snow
http://abstractsearch.agu.org/keywords/0738,738,Ice
http://abstractsearch.agu.org/keywords/0740,740,Snowmelt
http://abstractsearch.agu.org/keywords/0742,742,Avalanches
http://abstractsearch.agu.org/keywords/0744,744,Rivers
http://abstractsearch.agu.org/keywords/0746,746,Lakes
http://abstractsearch.agu.org/keywords/0748,748,Ponds
http://abstractsearch.agu.org/keywords/0750,750,Sea ice
http://abstractsearch.agu.org/keywords/0752,752,Polynas
http://abstractsearch.agu.org/keywords/0754,754,Leads
http://abstractsearch.agu.org/keywords/0758,758,Remote sensing
http://abstractsearch.agu.org/keywords/0760,760,Engineering
http://abstractsearch.agu.org/keywords/0762,762,Mass balance
http://abstractsearch.agu.org/keywords/0764,764,Energy balance
http://abstractsearch.agu.org/keywords/0766,766,Thermodynamics
http://abstractsearch.agu.org/keywords/0768,768,Thermal regime
http://abstractsearch.agu.org/keywords/0770,770,Properties
http://abstractsearch.agu.org/keywords/0772,772,Distribution
http://abstractsearch.agu.org/keywords/0774,774,Dynamics
http://abstractsearch.agu.org/keywords/0776,776,Glaciology
http://abstractsearch.agu.org/keywords/0790,790,Weathering
http://abstractsearch.agu.org/keywords/0792,792,Contaminants
http://abstractsearch.agu.org/keywords/0793,793,Biogeochemistry
http://abstractsearch.agu.org/keywords/0794,794,Instruments and techniques
http://abstractsearch.agu.org/keywords/0798,798,Modeling
http://abstractsearch.agu.org/keywords/0799,799,General or miscellaneous
http://abstractsearch.agu.org/keywords/0800,800,EDUCATION
http://abstractsearch.agu.org/keywords/0805,805,Elementary and secondary education
http://abstractsearch.agu.org/keywords/0810,810,Post-secondary education
http://abstractsearch.agu.org/keywords/0815,815,Informal education
http://abstractsearch.agu.org/keywords/0820,820,Curriculum and laboratory design
http://abstractsearch.agu.org/keywords/0825,825,Teaching methods
http://abstractsearch.agu.org/keywords/0830,830,Teacher training
http://abstractsearch.agu.org/keywords/0840,840,Evaluation and assessment
http://abstractsearch.agu.org/keywords/0845,845,Instructional tools
http://abstractsearch.agu.org/keywords/0850,850,Geoscience education research
http://abstractsearch.agu.org/keywords/0855,855,Diversity
http://abstractsearch.agu.org/keywords/0900,900,EXPLORATION GEOPHYSICS
http://abstractsearch.agu.org/keywords/0902,902,Computational methods: seismic
http://abstractsearch.agu.org/keywords/0903,903,Computational methods: potential fields
http://abstractsearch.agu.org/keywords/0905,905,Continental structures
http://abstractsearch.agu.org/keywords/0910,910,Data processing
http://abstractsearch.agu.org/keywords/0915,915,Downhole methods
http://abstractsearch.agu.org/keywords/0920,920,Gravity methods
http://abstractsearch.agu.org/keywords/0925,925,Magnetic and electrical methods
http://abstractsearch.agu.org/keywords/0930,930,Oceanic structures
http://abstractsearch.agu.org/keywords/0932,932,Radioactivity methods
http://abstractsearch.agu.org/keywords/0933,933,Remote sensing
http://abstractsearch.agu.org/keywords/0935,935,Seismic methods
http://abstractsearch.agu.org/keywords/0994,994,Instruments and techniques
http://abstractsearch.agu.org/keywords/0999,999,General or miscellaneous
http://abstractsearch.agu.org/keywords/1000,1000,GEOCHEMISTRY
http://abstractsearch.agu.org/keywords/1009,1009,Geochemical modeling
http://abstractsearch.agu.org/keywords/1011,1011,Thermodynamics
http://abstractsearch.agu.org/keywords/1012,1012,Reactions and phase equilibria
http://abstractsearch.agu.org/keywords/1015,1015,Composition of the core
http://abstractsearch.agu.org/keywords/1020,1020,Composition of the continental crust
http://abstractsearch.agu.org/keywords/1021,1021,Composition of the oceanic crust
http://abstractsearch.agu.org/keywords/1022,1022,Composition of the hydrosphere
http://abstractsearch.agu.org/keywords/1023,1023,Composition of the biosphere
http://abstractsearch.agu.org/keywords/1025,1025,Composition of the mantle
http://abstractsearch.agu.org/keywords/1026,1026,Composition of the moon
http://abstractsearch.agu.org/keywords/1027,1027,Composition of the planets
http://abstractsearch.agu.org/keywords/1028,1028,Composition of meteorites
http://abstractsearch.agu.org/keywords/1029,1029,Composition of aerosols and dust particles
http://abstractsearch.agu.org/keywords/1030,1030,Geochemical cycles
http://abstractsearch.agu.org/keywords/1031,1031,Subduction zone processes
http://abstractsearch.agu.org/keywords/1032,1032,Mid-oceanic ridge processes
http://abstractsearch.agu.org/keywords/1033,1033,Intra-plate processes
http://abstractsearch.agu.org/keywords/1034,1034,Hydrothermal systems
http://abstractsearch.agu.org/keywords/1036,1036,Magma chamber processes
http://abstractsearch.agu.org/keywords/1037,1037,Magma genesis and partial melting
http://abstractsearch.agu.org/keywords/1038,1038,Mantle processes
http://abstractsearch.agu.org/keywords/1039,1039,Alteration and weathering processes
http://abstractsearch.agu.org/keywords/1040,1040,Radiogenic isotope geochemistry
http://abstractsearch.agu.org/keywords/1041,1041,Stable isotope geochemistry
http://abstractsearch.agu.org/keywords/1042,1042,Mineral and crystal chemistry
http://abstractsearch.agu.org/keywords/1043,1043,Fluid and melt inclusion geochemistry
http://abstractsearch.agu.org/keywords/1050,1050,Marine geochemistry
http://abstractsearch.agu.org/keywords/1051,1051,Sedimentary geochemistry
http://abstractsearch.agu.org/keywords/1055,1055,Organic and biogenic geochemistry
http://abstractsearch.agu.org/keywords/1060,1060,Planetary geochemistry
http://abstractsearch.agu.org/keywords/1065,1065,Major and trace element geochemistry
http://abstractsearch.agu.org/keywords/1090,1090,Field relationships
http://abstractsearch.agu.org/keywords/1094,1094,Instruments and techniques
http://abstractsearch.agu.org/keywords/1099,1099,General or miscellaneous
http://abstractsearch.agu.org/keywords/1100,1100,GEOCHRONOLOGY
http://abstractsearch.agu.org/keywords/1105,1105,Quaternary geochronology
http://abstractsearch.agu.org/keywords/1110,1110,Sidereal geochronology
http://abstractsearch.agu.org/keywords/1115,1115,Radioisotope geochronology
http://abstractsearch.agu.org/keywords/1120,1120,Isotopic disequilibrium dating
http://abstractsearch.agu.org/keywords/1125,1125,Chemical and biological geochronology
http://abstractsearch.agu.org/keywords/1130,1130,Geomorphological geochronology
http://abstractsearch.agu.org/keywords/1135,1135,Correlative geochronology
http://abstractsearch.agu.org/keywords/1140,1140,Thermochronology
http://abstractsearch.agu.org/keywords/1145,1145,Tephrochronology
http://abstractsearch.agu.org/keywords/1150,1150,Cosmogenic-nuclide exposure dating
http://abstractsearch.agu.org/keywords/1155,1155,Extinct radionuclide geochronology
http://abstractsearch.agu.org/keywords/1160,1160,Planetary and lunar geochronology
http://abstractsearch.agu.org/keywords/1165,1165,Sedimentary geochronology
http://abstractsearch.agu.org/keywords/1194,1194,Instruments and techniques
http://abstractsearch.agu.org/keywords/1199,1199,General or miscellaneous
http://abstractsearch.agu.org/keywords/1200,1200,GEODESY AND GRAVITY
http://abstractsearch.agu.org/keywords/1204,1204,Control surveys
http://abstractsearch.agu.org/keywords/1207,1207,Transient deformation
http://abstractsearch.agu.org/keywords/1209,1209,Tectonic deformation
http://abstractsearch.agu.org/keywords/1211,1211,Non-tectonic deformation
http://abstractsearch.agu.org/keywords/1212,1212,Earth's interior: composition and state
http://abstractsearch.agu.org/keywords/1213,1213,Earth's interior: dynamics
http://abstractsearch.agu.org/keywords/1214,1214,Geopotential theory and determination
http://abstractsearch.agu.org/keywords/1217,1217,Time variable gravity
http://abstractsearch.agu.org/keywords/1218,1218,Mass balance
http://abstractsearch.agu.org/keywords/1219,1219,Gravity anomalies and Earth structure
http://abstractsearch.agu.org/keywords/1220,1220,Atmosphere monitoring with geodetic techniques
http://abstractsearch.agu.org/keywords/1221,1221,Lunar and planetary geodesy and gravity
http://abstractsearch.agu.org/keywords/1222,1222,Ocean monitoring with geodetic techniques
http://abstractsearch.agu.org/keywords/1223,1223,Ocean/Earth/atmosphere/hydrosphere/cryosphere interactions
http://abstractsearch.agu.org/keywords/1225,1225,Global change from geodesy
http://abstractsearch.agu.org/keywords/1229,1229,Reference systems
http://abstractsearch.agu.org/keywords/1236,1236,Rheology of the lithosphere and mantle
http://abstractsearch.agu.org/keywords/1239,1239,Earth rotation variations
http://abstractsearch.agu.org/keywords/1240,1240,Satellite geodesy: results
http://abstractsearch.agu.org/keywords/1241,1241,Satellite geodesy: technical issues
http://abstractsearch.agu.org/keywords/1242,1242,Seismic cycle related deformations
http://abstractsearch.agu.org/keywords/1243,1243,Space geodetic surveys
http://abstractsearch.agu.org/keywords/1244,1244,Standards and absolute measurements
http://abstractsearch.agu.org/keywords/1294,1294,Instruments and techniques
http://abstractsearch.agu.org/keywords/1295,1295,Integrations of techniques
http://abstractsearch.agu.org/keywords/1299,1299,General or miscellaneous
http://abstractsearch.agu.org/keywords/1500,1500,GEOMAGNETISM AND PALEOMAGNETISM
http://abstractsearch.agu.org/keywords/1503,1503,Archeomagnetism
http://abstractsearch.agu.org/keywords/1505,1505,Biogenic magnetic minerals
http://abstractsearch.agu.org/keywords/1507,1507,Core processes
http://abstractsearch.agu.org/keywords/1510,1510,Dynamo: theories and simulations
http://abstractsearch.agu.org/keywords/1512,1512,Environmental magnetism
http://abstractsearch.agu.org/keywords/1513,1513,Geomagnetic excursions
http://abstractsearch.agu.org/keywords/1515,1515,Geomagnetic induction
http://abstractsearch.agu.org/keywords/1517,1517,Magnetic anomalies: modeling and interpretation
http://abstractsearch.agu.org/keywords/1518,1518,Magnetic fabrics and anisotropy
http://abstractsearch.agu.org/keywords/1519,1519,Magnetic mineralogy and petrology
http://abstractsearch.agu.org/keywords/1520,1520,Magnetostratigraphy
http://abstractsearch.agu.org/keywords/1521,1521,Paleointensity
http://abstractsearch.agu.org/keywords/1522,1522,Paleomagnetic secular variation
http://abstractsearch.agu.org/keywords/1525,1525,Paleomagnetism applied to tectonics: regional  global
http://abstractsearch.agu.org/keywords/1527,1527,Paleomagnetism applied to geologic processes
http://abstractsearch.agu.org/keywords/1530,1530,Rapid time variations
http://abstractsearch.agu.org/keywords/1532,1532,Reference fields: regional  global
http://abstractsearch.agu.org/keywords/1533,1533,Remagnetization
http://abstractsearch.agu.org/keywords/1535,1535,Reversals: process  timescale  magnetostratigraphy
http://abstractsearch.agu.org/keywords/1540,1540,Rock and mineral magnetism
http://abstractsearch.agu.org/keywords/1541,1541,Satellite magnetics: main field  crustal field  external field
http://abstractsearch.agu.org/keywords/1545,1545,Spatial variations: all harmonics and anomalies
http://abstractsearch.agu.org/keywords/1550,1550,Spatial variations attributed to seafloor spreading
http://abstractsearch.agu.org/keywords/1555,1555,Time variations: diurnal to decadal
http://abstractsearch.agu.org/keywords/1560,1560,Time variations: secular and longer
http://abstractsearch.agu.org/keywords/1594,1594,Instruments and techniques
http://abstractsearch.agu.org/keywords/1595,1595,Planetary magnetism: all frequencies and wavelengths
http://abstractsearch.agu.org/keywords/1599,1599,General or miscellaneous
http://abstractsearch.agu.org/keywords/1600,1600,GLOBAL CHANGE
http://abstractsearch.agu.org/keywords/1605,1605,Abrupt/rapid climate change
http://abstractsearch.agu.org/keywords/1610,1610,Atmosphere
http://abstractsearch.agu.org/keywords/1615,1615,Biogeochemical cycles  processes  and modeling
http://abstractsearch.agu.org/keywords/1616,1616,Climate variability
http://abstractsearch.agu.org/keywords/1620,1620,Climate dynamics
http://abstractsearch.agu.org/keywords/1621,1621,Cryospheric change
http://abstractsearch.agu.org/keywords/1622,1622,Earth system modeling
http://abstractsearch.agu.org/keywords/1625,1625,Geomorphology and weathering
http://abstractsearch.agu.org/keywords/1626,1626,Global climate models
http://abstractsearch.agu.org/keywords/1627,1627,Coupled models of the climate system
http://abstractsearch.agu.org/keywords/1630,1630,Impacts of global change
http://abstractsearch.agu.org/keywords/1631,1631,Land/atmosphere interactions
http://abstractsearch.agu.org/keywords/1632,1632,Land cover change
http://abstractsearch.agu.org/keywords/1635,1635,Oceans
http://abstractsearch.agu.org/keywords/1637,1637,Regional climate change
http://abstractsearch.agu.org/keywords/1640,1640,Remote sensing
http://abstractsearch.agu.org/keywords/1641,1641,Sea level change
http://abstractsearch.agu.org/keywords/1645,1645,Solid Earth
http://abstractsearch.agu.org/keywords/1650,1650,Solar variability
http://abstractsearch.agu.org/keywords/1655,1655,Water cycles
http://abstractsearch.agu.org/keywords/1694,1694,Instruments and techniques
http://abstractsearch.agu.org/keywords/1699,1699,General or miscellaneous
http://abstractsearch.agu.org/keywords/1700,1700,HISTORY OF GEOPHYSICS
http://abstractsearch.agu.org/keywords/1704,1704,Atmospheric sciences
http://abstractsearch.agu.org/keywords/1705,1705,Biogeosciences
http://abstractsearch.agu.org/keywords/1706,1706,Computational geophysics
http://abstractsearch.agu.org/keywords/1707,1707,Cryosphere
http://abstractsearch.agu.org/keywords/1708,1708,Geochronology
http://abstractsearch.agu.org/keywords/1709,1709,Geodesy
http://abstractsearch.agu.org/keywords/1714,1714,Geomagnetism and paleomagnetism
http://abstractsearch.agu.org/keywords/1719,1719,Hydrology
http://abstractsearch.agu.org/keywords/1721,1721,Nonlinear geophysics
http://abstractsearch.agu.org/keywords/1724,1724,Ocean sciences
http://abstractsearch.agu.org/keywords/1729,1729,Planetology
http://abstractsearch.agu.org/keywords/1734,1734,Seismology
http://abstractsearch.agu.org/keywords/1739,1739,Solar/planetary relationships
http://abstractsearch.agu.org/keywords/1744,1744,Tectonophysics
http://abstractsearch.agu.org/keywords/1749,1749,Volcanology  geochemistry  and petrology
http://abstractsearch.agu.org/keywords/1794,1794,Instruments and techniques
http://abstractsearch.agu.org/keywords/1799,1799,General or miscellaneous
http://abstractsearch.agu.org/keywords/1800,1800,HYDROLOGY
http://abstractsearch.agu.org/keywords/1803,1803,Anthropogenic effects
http://abstractsearch.agu.org/keywords/1804,1804,Catchment
http://abstractsearch.agu.org/keywords/1805,1805,Computational hydrology
http://abstractsearch.agu.org/keywords/1806,1806,Chemistry of fresh water
http://abstractsearch.agu.org/keywords/1807,1807,Climate impacts
http://abstractsearch.agu.org/keywords/1808,1808,Dams
http://abstractsearch.agu.org/keywords/1809,1809,Desertification
http://abstractsearch.agu.org/keywords/1810,1810,Debris flow and landslides
http://abstractsearch.agu.org/keywords/1812,1812,Drought
http://abstractsearch.agu.org/keywords/1813,1813,Eco-hydrology
http://abstractsearch.agu.org/keywords/1814,1814,Energy budgets
http://abstractsearch.agu.org/keywords/1815,1815,Erosion
http://abstractsearch.agu.org/keywords/1816,1816,Estimation and forecasting
http://abstractsearch.agu.org/keywords/1817,1817,Extreme events
http://abstractsearch.agu.org/keywords/1818,1818,Evapotranspiration
http://abstractsearch.agu.org/keywords/1819,1819,Geographic Information Systems (GIS)
http://abstractsearch.agu.org/keywords/1820,1820,Floodplain dynamics
http://abstractsearch.agu.org/keywords/1821,1821,Floods
http://abstractsearch.agu.org/keywords/1822,1822,Geomechanics
http://abstractsearch.agu.org/keywords/1823,1823,Frozen ground
http://abstractsearch.agu.org/keywords/1824,1824,Geomorphology: general
http://abstractsearch.agu.org/keywords/1825,1825,Geomorphology: fluvial
http://abstractsearch.agu.org/keywords/1826,1826,Geomorphology: hillslope
http://abstractsearch.agu.org/keywords/1827,1827,Glaciology
http://abstractsearch.agu.org/keywords/1828,1828,Groundwater hydraulics
http://abstractsearch.agu.org/keywords/1829,1829,Groundwater hydrology
http://abstractsearch.agu.org/keywords/1830,1830,Groundwater/surface water interaction
http://abstractsearch.agu.org/keywords/1831,1831,Groundwater quality
http://abstractsearch.agu.org/keywords/1832,1832,Groundwater transport
http://abstractsearch.agu.org/keywords/1833,1833,Hydroclimatology
http://abstractsearch.agu.org/keywords/1834,1834,Human impacts
http://abstractsearch.agu.org/keywords/1835,1835,Hydrogeophysics
http://abstractsearch.agu.org/keywords/1836,1836,Hydrological cycles and budgets
http://abstractsearch.agu.org/keywords/1838,1838,Infiltration
http://abstractsearch.agu.org/keywords/1839,1839,Hydrologic scaling
http://abstractsearch.agu.org/keywords/1840,1840,Hydrometeorology
http://abstractsearch.agu.org/keywords/1842,1842,Irrigation
http://abstractsearch.agu.org/keywords/1843,1843,Land/atmosphere interactions
http://abstractsearch.agu.org/keywords/1845,1845,Limnology
http://abstractsearch.agu.org/keywords/1846,1846,Model calibration
http://abstractsearch.agu.org/keywords/1847,1847,Modeling
http://abstractsearch.agu.org/keywords/1848,1848,Monitoring networks
http://abstractsearch.agu.org/keywords/1849,1849,Numerical approximations and analysis
http://abstractsearch.agu.org/keywords/1850,1850,Overland flow
http://abstractsearch.agu.org/keywords/1851,1851,Plant ecology
http://abstractsearch.agu.org/keywords/1852,1852,Plant uptake
http://abstractsearch.agu.org/keywords/1853,1853,Precipitation-radar
http://abstractsearch.agu.org/keywords/1854,1854,Precipitation
http://abstractsearch.agu.org/keywords/1855,1855,Remote sensing
http://abstractsearch.agu.org/keywords/1856,1856,River channels
http://abstractsearch.agu.org/keywords/1857,1857,Reservoirs (surface)
http://abstractsearch.agu.org/keywords/1858,1858,Rocks: chemical properties
http://abstractsearch.agu.org/keywords/1859,1859,Rocks: physical properties
http://abstractsearch.agu.org/keywords/1860,1860,Streamflow
http://abstractsearch.agu.org/keywords/1861,1861,Sedimentation
http://abstractsearch.agu.org/keywords/1862,1862,Sediment transport
http://abstractsearch.agu.org/keywords/1863,1863,Snow and ice
http://abstractsearch.agu.org/keywords/1865,1865,Soils
http://abstractsearch.agu.org/keywords/1866,1866,Soil moisture
http://abstractsearch.agu.org/keywords/1869,1869,Stochastic hydrology
http://abstractsearch.agu.org/keywords/1871,1871,Surface water quality
http://abstractsearch.agu.org/keywords/1872,1872,Time series analysis
http://abstractsearch.agu.org/keywords/1873,1873,Uncertainty assessment
http://abstractsearch.agu.org/keywords/1874,1874,Ungaged basins
http://abstractsearch.agu.org/keywords/1875,1875,Vadose zone
http://abstractsearch.agu.org/keywords/1876,1876,Water budgets
http://abstractsearch.agu.org/keywords/1878,1878,Water/energy interactions
http://abstractsearch.agu.org/keywords/1879,1879,Watershed
http://abstractsearch.agu.org/keywords/1880,1880,Water management
http://abstractsearch.agu.org/keywords/1884,1884,Water supply
http://abstractsearch.agu.org/keywords/1886,1886,Weathering
http://abstractsearch.agu.org/keywords/1890,1890,Wetlands
http://abstractsearch.agu.org/keywords/1894,1894,Instruments and techniques: modeling
http://abstractsearch.agu.org/keywords/1895,1895,Instruments and techniques: monitoring
http://abstractsearch.agu.org/keywords/1899,1899,General or miscellaneous
http://abstractsearch.agu.org/keywords/1900,1900,INFORMATICS
http://abstractsearch.agu.org/keywords/1902,1902,Community modeling frameworks
http://abstractsearch.agu.org/keywords/1904,1904,Community standards
http://abstractsearch.agu.org/keywords/1906,1906,Computational models  algorithms
http://abstractsearch.agu.org/keywords/1908,1908,Cyberinfrastructure
http://abstractsearch.agu.org/keywords/1910,1910,Data assimilation  integration and fusion
http://abstractsearch.agu.org/keywords/1912,1912,Data management  preservation  rescue
http://abstractsearch.agu.org/keywords/1914,1914,Data mining
http://abstractsearch.agu.org/keywords/1916,1916,Data and information discovery
http://abstractsearch.agu.org/keywords/1918,1918,Decision analysis
http://abstractsearch.agu.org/keywords/1920,1920,Emerging informatics technologies
http://abstractsearch.agu.org/keywords/1922,1922,Forecasting
http://abstractsearch.agu.org/keywords/1924,1924,Formal logics and grammars
http://abstractsearch.agu.org/keywords/1926,1926,Geospatial
http://abstractsearch.agu.org/keywords/1928,1928,GIS science
http://abstractsearch.agu.org/keywords/1930,1930,Data and information governance
http://abstractsearch.agu.org/keywords/1932,1932,High-performance computing
http://abstractsearch.agu.org/keywords/1934,1934,International collaboration
http://abstractsearch.agu.org/keywords/1936,1936,Interoperability
http://abstractsearch.agu.org/keywords/1938,1938,Knowledge representation and knowledge bases
http://abstractsearch.agu.org/keywords/1940,1940,Machine-to-machine communication
http://abstractsearch.agu.org/keywords/1942,1942,Machine learning
http://abstractsearch.agu.org/keywords/1944,1944,Markup languages
http://abstractsearch.agu.org/keywords/1946,1946,Metadata
http://abstractsearch.agu.org/keywords/1948,1948,Metadata: Provenance
http://abstractsearch.agu.org/keywords/1950,1950,Metadata: Quality
http://abstractsearch.agu.org/keywords/1952,1952,Modeling
http://abstractsearch.agu.org/keywords/1954,1954,Natural language processing
http://abstractsearch.agu.org/keywords/1956,1956,Numerical algorithms
http://abstractsearch.agu.org/keywords/1958,1958,Ontologies
http://abstractsearch.agu.org/keywords/1960,1960,Portals and user interfaces
http://abstractsearch.agu.org/keywords/1962,1962,Query languages for science  markup languages  ontologies
http://abstractsearch.agu.org/keywords/1964,1964,Real-time and responsive information delivery
http://abstractsearch.agu.org/keywords/1966,1966,Rules and logic
http://abstractsearch.agu.org/keywords/1968,1968,Scientific reasoning/inference
http://abstractsearch.agu.org/keywords/1970,1970,Semantic web and semantic integration
http://abstractsearch.agu.org/keywords/1972,1972,Sensor web
http://abstractsearch.agu.org/keywords/1974,1974,Social networks
http://abstractsearch.agu.org/keywords/1976,1976,Software tools and services
http://abstractsearch.agu.org/keywords/1978,1978,Software re-use
http://abstractsearch.agu.org/keywords/1980,1980,Spatial analysis and representation
http://abstractsearch.agu.org/keywords/1982,1982,Standards
http://abstractsearch.agu.org/keywords/1984,1984,Statistical methods: Descriptive
http://abstractsearch.agu.org/keywords/1986,1986,Statistical methods: Inferential
http://abstractsearch.agu.org/keywords/1988,1988,Temporal analysis and representation
http://abstractsearch.agu.org/keywords/1990,1990,Uncertainty
http://abstractsearch.agu.org/keywords/1992,1992,Virtual globes
http://abstractsearch.agu.org/keywords/1994,1994,Visualization and portrayal
http://abstractsearch.agu.org/keywords/1996,1996,Web Services
http://abstractsearch.agu.org/keywords/1998,1998,Workflow
http://abstractsearch.agu.org/keywords/1999,1999,General or miscellaneous
http://abstractsearch.agu.org/keywords/2100,2100,INTERPLANETARY PHYSICS
http://abstractsearch.agu.org/keywords/2101,2101,Coronal mass ejections
http://abstractsearch.agu.org/keywords/2102,2102,Corotating streams
http://abstractsearch.agu.org/keywords/2104,2104,Cosmic rays
http://abstractsearch.agu.org/keywords/2109,2109,Discontinuities
http://abstractsearch.agu.org/keywords/2111,2111,Ejecta  driver gases  and magnetic clouds
http://abstractsearch.agu.org/keywords/2114,2114,Energetic particles
http://abstractsearch.agu.org/keywords/2124,2124,Heliopause and solar wind termination
http://abstractsearch.agu.org/keywords/2126,2126,Heliosphere/interstellar medium interactions
http://abstractsearch.agu.org/keywords/2129,2129,Interplanetary dust
http://abstractsearch.agu.org/keywords/2134,2134,Interplanetary magnetic fields
http://abstractsearch.agu.org/keywords/2139,2139,Interplanetary shocks
http://abstractsearch.agu.org/keywords/2144,2144,Interstellar gas
http://abstractsearch.agu.org/keywords/2149,2149,MHD waves and turbulence
http://abstractsearch.agu.org/keywords/2151,2151,Neutral particles
http://abstractsearch.agu.org/keywords/2152,2152,Pickup ions
http://abstractsearch.agu.org/keywords/2154,2154,Planetary bow shocks
http://abstractsearch.agu.org/keywords/2159,2159,Plasma waves and turbulence
http://abstractsearch.agu.org/keywords/2162,2162,Solar cycle variations
http://abstractsearch.agu.org/keywords/2164,2164,Solar wind plasma
http://abstractsearch.agu.org/keywords/2169,2169,Solar wind sources
http://abstractsearch.agu.org/keywords/2194,2194,Instruments and techniques
http://abstractsearch.agu.org/keywords/2199,2199,General or miscellaneous
http://abstractsearch.agu.org/keywords/2400,2400,IONOSPHERE
http://abstractsearch.agu.org/keywords/2403,2403,Active experiments
http://abstractsearch.agu.org/keywords/2407,2407,Auroral ionosphere
http://abstractsearch.agu.org/keywords/2409,2409,Current systems
http://abstractsearch.agu.org/keywords/2411,2411,Electric fields
http://abstractsearch.agu.org/keywords/2415,2415,Equatorial ionosphere
http://abstractsearch.agu.org/keywords/2419,2419,Ion chemistry and composition
http://abstractsearch.agu.org/keywords/2423,2423,Ionization processes
http://abstractsearch.agu.org/keywords/2427,2427,Ionosphere/atmosphere interactions
http://abstractsearch.agu.org/keywords/2431,2431,Ionosphere/magnetosphere interactions
http://abstractsearch.agu.org/keywords/2435,2435,Ionospheric disturbances
http://abstractsearch.agu.org/keywords/2437,2437,Ionospheric dynamics
http://abstractsearch.agu.org/keywords/2439,2439,Ionospheric irregularities
http://abstractsearch.agu.org/keywords/2441,2441,Ionospheric storms
http://abstractsearch.agu.org/keywords/2442,2442,Meteor-trail physics
http://abstractsearch.agu.org/keywords/2443,2443,Midlatitude ionosphere
http://abstractsearch.agu.org/keywords/2447,2447,Modeling and forecasting
http://abstractsearch.agu.org/keywords/2451,2451,Particle acceleration
http://abstractsearch.agu.org/keywords/2455,2455,Particle precipitation
http://abstractsearch.agu.org/keywords/2459,2459,Planetary ionospheres
http://abstractsearch.agu.org/keywords/2461,2461,Plasma interactions with dust and aerosols
http://abstractsearch.agu.org/keywords/2463,2463,Plasma convection
http://abstractsearch.agu.org/keywords/2467,2467,Plasma temperature and density
http://abstractsearch.agu.org/keywords/2471,2471,Plasma waves and instabilities
http://abstractsearch.agu.org/keywords/2475,2475,Polar cap ionosphere
http://abstractsearch.agu.org/keywords/2479,2479,Solar radiation and cosmic ray effects
http://abstractsearch.agu.org/keywords/2481,2481,Topside ionosphere
http://abstractsearch.agu.org/keywords/2483,2483,Wave/particle interactions
http://abstractsearch.agu.org/keywords/2487,2487,Wave propagation
http://abstractsearch.agu.org/keywords/2494,2494,Instruments and techniques
http://abstractsearch.agu.org/keywords/2499,2499,General or miscellaneous
http://abstractsearch.agu.org/keywords/2700,2700,MAGNETOSPHERIC PHYSICS
http://abstractsearch.agu.org/keywords/2704,2704,Auroral phenomena
http://abstractsearch.agu.org/keywords/2706,2706,Cusp
http://abstractsearch.agu.org/keywords/2712,2712,Electric fields
http://abstractsearch.agu.org/keywords/2716,2716,Energetic particles: precipitating
http://abstractsearch.agu.org/keywords/2720,2720,Energetic particles: trapped
http://abstractsearch.agu.org/keywords/2721,2721,Field-aligned currents and current systems
http://abstractsearch.agu.org/keywords/2722,2722,Forecasting
http://abstractsearch.agu.org/keywords/2723,2723,Magnetic reconnection
http://abstractsearch.agu.org/keywords/2724,2724,Magnetopause and boundary layers
http://abstractsearch.agu.org/keywords/2728,2728,Magnetosheath
http://abstractsearch.agu.org/keywords/2730,2730,Magnetosphere: inner
http://abstractsearch.agu.org/keywords/2731,2731,Magnetosphere: outer
http://abstractsearch.agu.org/keywords/2732,2732,Magnetosphere interactions with satellites and rings
http://abstractsearch.agu.org/keywords/2736,2736,Magnetosphere/ionosphere interactions
http://abstractsearch.agu.org/keywords/2740,2740,Magnetospheric configuration and dynamics
http://abstractsearch.agu.org/keywords/2744,2744,Magnetotail
http://abstractsearch.agu.org/keywords/2748,2748,Magnetotail boundary layers
http://abstractsearch.agu.org/keywords/2752,2752,MHD waves and instabilities
http://abstractsearch.agu.org/keywords/2753,2753,Numerical modeling
http://abstractsearch.agu.org/keywords/2756,2756,Planetary magnetospheres
http://abstractsearch.agu.org/keywords/2760,2760,Plasma convection
http://abstractsearch.agu.org/keywords/2764,2764,Plasma sheet
http://abstractsearch.agu.org/keywords/2768,2768,Plasmasphere
http://abstractsearch.agu.org/keywords/2772,2772,Plasma waves and instabilities
http://abstractsearch.agu.org/keywords/2774,2774,Radiation belts
http://abstractsearch.agu.org/keywords/2776,2776,Polar cap phenomena
http://abstractsearch.agu.org/keywords/2778,2778,Ring current
http://abstractsearch.agu.org/keywords/2780,2780,Solar wind interactions with unmagnetized bodies
http://abstractsearch.agu.org/keywords/2784,2784,Solar wind/magnetosphere interactions
http://abstractsearch.agu.org/keywords/2788,2788,Magnetic storms and substorms
http://abstractsearch.agu.org/keywords/2790,2790,Substorms
http://abstractsearch.agu.org/keywords/2794,2794,Instruments and techniques
http://abstractsearch.agu.org/keywords/2799,2799,General or miscellaneous
http://abstractsearch.agu.org/keywords/3000,3000,MARINE GEOLOGY AND GEOPHYSICS
http://abstractsearch.agu.org/keywords/3001,3001,Back-arc basin processes
http://abstractsearch.agu.org/keywords/3002,3002,Continental shelf and slope processes
http://abstractsearch.agu.org/keywords/3004,3004,Gas and hydrate systems
http://abstractsearch.agu.org/keywords/3005,3005,Marine magnetics and paleomagnetics
http://abstractsearch.agu.org/keywords/3006,3006,Marine electromagnetics
http://abstractsearch.agu.org/keywords/3010,3010,Gravity and isostasy
http://abstractsearch.agu.org/keywords/3015,3015,Heat flow (benthic)
http://abstractsearch.agu.org/keywords/3017,3017,Hydrothermal systems
http://abstractsearch.agu.org/keywords/3020,3020,Littoral processes
http://abstractsearch.agu.org/keywords/3021,3021,Marine hydrogeology
http://abstractsearch.agu.org/keywords/3022,3022,Marine sediments: processes and transport
http://abstractsearch.agu.org/keywords/3025,3025,Marine seismics
http://abstractsearch.agu.org/keywords/3030,3030,Micropaleontology
http://abstractsearch.agu.org/keywords/3035,3035,Midocean ridge processes
http://abstractsearch.agu.org/keywords/3036,3036,Ocean drilling
http://abstractsearch.agu.org/keywords/3037,3037,Oceanic hotspots and intraplate volcanism
http://abstractsearch.agu.org/keywords/3038,3038,Oceanic plateaus and microcontinents
http://abstractsearch.agu.org/keywords/3039,3039,Oceanic transform and fracture zone processes
http://abstractsearch.agu.org/keywords/3040,3040,Plate tectonics
http://abstractsearch.agu.org/keywords/3042,3042,Ophiolites
http://abstractsearch.agu.org/keywords/3045,3045,Seafloor morphology  geology  and geophysics
http://abstractsearch.agu.org/keywords/3050,3050,Ocean observatories and experiments
http://abstractsearch.agu.org/keywords/3060,3060,Subduction zone processes
http://abstractsearch.agu.org/keywords/3070,3070,Submarine landslides
http://abstractsearch.agu.org/keywords/3075,3075,Submarine tectonics and volcanism
http://abstractsearch.agu.org/keywords/3080,3080,Submergence instruments: ROV  AUV  submersibles
http://abstractsearch.agu.org/keywords/3094,3094,Instruments and techniques
http://abstractsearch.agu.org/keywords/3099,3099,General or miscellaneous
http://abstractsearch.agu.org/keywords/3200,3200,MATHEMATICAL GEOPHYSICS
http://abstractsearch.agu.org/keywords/3205,3205,Fourier analysis
http://abstractsearch.agu.org/keywords/3215,3215,Instability analysis
http://abstractsearch.agu.org/keywords/3225,3225,Numerical approximations and analysis
http://abstractsearch.agu.org/keywords/3235,3235,Persistence  memory  correlations  clustering
http://abstractsearch.agu.org/keywords/3238,3238,Prediction
http://abstractsearch.agu.org/keywords/3245,3245,Probabilistic forecasting
http://abstractsearch.agu.org/keywords/3252,3252,Spatial analysis
http://abstractsearch.agu.org/keywords/3255,3255,Spectral analysis
http://abstractsearch.agu.org/keywords/3260,3260,Inverse theory
http://abstractsearch.agu.org/keywords/3265,3265,Stochastic processes
http://abstractsearch.agu.org/keywords/3270,3270,Time series analysis
http://abstractsearch.agu.org/keywords/3275,3275,Uncertainty quantification
http://abstractsearch.agu.org/keywords/3280,3280,Wavelet transform
http://abstractsearch.agu.org/keywords/3285,3285,Wave propagation
http://abstractsearch.agu.org/keywords/3294,3294,Instruments and techniques
http://abstractsearch.agu.org/keywords/3299,3299,General or miscellaneous
http://abstractsearch.agu.org/keywords/3300,3300,ATMOSPHERIC PROCESSES
http://abstractsearch.agu.org/keywords/3303,3303,Balanced dynamical models
http://abstractsearch.agu.org/keywords/3304,3304,Atmospheric electricity
http://abstractsearch.agu.org/keywords/3305,3305,Climate change and variability
http://abstractsearch.agu.org/keywords/3307,3307,Boundary layer processes
http://abstractsearch.agu.org/keywords/3309,3309,Climatology
http://abstractsearch.agu.org/keywords/3310,3310,Clouds and cloud feedbacks
http://abstractsearch.agu.org/keywords/3311,3311,Clouds and aerosols
http://abstractsearch.agu.org/keywords/3314,3314,Convective processes
http://abstractsearch.agu.org/keywords/3315,3315,Data assimilation
http://abstractsearch.agu.org/keywords/3319,3319,General circulation
http://abstractsearch.agu.org/keywords/3320,3320,Idealized model
http://abstractsearch.agu.org/keywords/3322,3322,Land/atmosphere interactions
http://abstractsearch.agu.org/keywords/3323,3323,Large eddy simulation
http://abstractsearch.agu.org/keywords/3324,3324,Lightning
http://abstractsearch.agu.org/keywords/3325,3325,Monte Carlo technique
http://abstractsearch.agu.org/keywords/3329,3329,Mesoscale meteorology
http://abstractsearch.agu.org/keywords/3332,3332,Mesospheric dynamics
http://abstractsearch.agu.org/keywords/3333,3333,Model calibration
http://abstractsearch.agu.org/keywords/3334,3334,Middle atmosphere dynamics
http://abstractsearch.agu.org/keywords/3335,3335,North American Monsoon
http://abstractsearch.agu.org/keywords/3336,3336,Numerical approximations and analyses
http://abstractsearch.agu.org/keywords/3337,3337,Global climate models
http://abstractsearch.agu.org/keywords/3339,3339,Ocean/atmosphere interactions
http://abstractsearch.agu.org/keywords/3344,3344,Paleoclimatology
http://abstractsearch.agu.org/keywords/3346,3346,Planetary meteorology
http://abstractsearch.agu.org/keywords/3349,3349,Polar meteorology
http://abstractsearch.agu.org/keywords/3354,3354,Precipitation
http://abstractsearch.agu.org/keywords/3355,3355,Regional modeling
http://abstractsearch.agu.org/keywords/3359,3359,Radiative processes
http://abstractsearch.agu.org/keywords/3360,3360,Remote sensing
http://abstractsearch.agu.org/keywords/3362,3362,Stratosphere/troposphere interactions
http://abstractsearch.agu.org/keywords/3363,3363,Stratospheric dynamics
http://abstractsearch.agu.org/keywords/3364,3364,Synoptic-scale meteorology
http://abstractsearch.agu.org/keywords/3365,3365,Subgrid-scale (SGS) parameterization
http://abstractsearch.agu.org/keywords/3367,3367,Theoretical modeling
http://abstractsearch.agu.org/keywords/3369,3369,Thermospheric dynamics
http://abstractsearch.agu.org/keywords/3371,3371,Tropical convection
http://abstractsearch.agu.org/keywords/3372,3372,Tropical cyclones
http://abstractsearch.agu.org/keywords/3373,3373,Tropical dynamics
http://abstractsearch.agu.org/keywords/3374,3374,Tropical meteorology
http://abstractsearch.agu.org/keywords/3375,3375,Tropopause dynamics
http://abstractsearch.agu.org/keywords/3379,3379,Turbulence
http://abstractsearch.agu.org/keywords/3384,3384,Acoustic-gravity waves
http://abstractsearch.agu.org/keywords/3389,3389,Tides and planetary waves
http://abstractsearch.agu.org/keywords/3390,3390,Wildland fire model
http://abstractsearch.agu.org/keywords/3394,3394,Instruments and techniques
http://abstractsearch.agu.org/keywords/3399,3399,General or miscellaneous
http://abstractsearch.agu.org/keywords/3600,3600,MINERALOGY AND PETROLOGY
http://abstractsearch.agu.org/keywords/3610,3610,Geochemical modeling
http://abstractsearch.agu.org/keywords/3611,3611,Thermodynamics
http://abstractsearch.agu.org/keywords/3612,3612,Reactions and phase equilibria
http://abstractsearch.agu.org/keywords/3613,3613,Subduction zone processes
http://abstractsearch.agu.org/keywords/3614,3614,Mid-oceanic ridge processes
http://abstractsearch.agu.org/keywords/3615,3615,Intra-plate processes
http://abstractsearch.agu.org/keywords/3616,3616,Hydrothermal systems
http://abstractsearch.agu.org/keywords/3617,3617,Alteration and weathering processes
http://abstractsearch.agu.org/keywords/3618,3618,Magma chamber processes
http://abstractsearch.agu.org/keywords/3619,3619,Magma genesis and partial melting
http://abstractsearch.agu.org/keywords/3620,3620,Mineral and crystal chemistry
http://abstractsearch.agu.org/keywords/3621,3621,Mantle processes
http://abstractsearch.agu.org/keywords/3625,3625,Petrography  microstructures  and textures
http://abstractsearch.agu.org/keywords/3630,3630,Experimental mineralogy and petrology
http://abstractsearch.agu.org/keywords/3640,3640,Igneous petrology
http://abstractsearch.agu.org/keywords/3641,3641,Extrusive structures and rocks
http://abstractsearch.agu.org/keywords/3642,3642,Intrusive structures and rocks
http://abstractsearch.agu.org/keywords/3643,3643,Layered magma chambers
http://abstractsearch.agu.org/keywords/3651,3651,Thermobarometry
http://abstractsearch.agu.org/keywords/3652,3652,Pressure-temperature-time paths
http://abstractsearch.agu.org/keywords/3653,3653,Fluid flow
http://abstractsearch.agu.org/keywords/3654,3654,Ultra-high pressure metamorphism
http://abstractsearch.agu.org/keywords/3656,3656,Ultra-high temperature metamorphism
http://abstractsearch.agu.org/keywords/3660,3660,Metamorphic petrology
http://abstractsearch.agu.org/keywords/3662,3662,Meteorite mineralogy and petrology
http://abstractsearch.agu.org/keywords/3665,3665,Mineral occurrences and deposits
http://abstractsearch.agu.org/keywords/3672,3672,Planetary mineralogy and petrology
http://abstractsearch.agu.org/keywords/3675,3675,Sedimentary petrology
http://abstractsearch.agu.org/keywords/3690,3690,Field relationships
http://abstractsearch.agu.org/keywords/3694,3694,Instruments and techniques
http://abstractsearch.agu.org/keywords/3699,3699,General or miscellaneous
http://abstractsearch.agu.org/keywords/3900,3900,MINERAL PHYSICS
http://abstractsearch.agu.org/keywords/3902,3902,Creep and deformation
http://abstractsearch.agu.org/keywords/3904,3904,Defects
http://abstractsearch.agu.org/keywords/3909,3909,Elasticity and anelasticity
http://abstractsearch.agu.org/keywords/3914,3914,Electrical properties
http://abstractsearch.agu.org/keywords/3919,3919,Equations of state
http://abstractsearch.agu.org/keywords/3924,3924,High-pressure behavior
http://abstractsearch.agu.org/keywords/3929,3929,NMR  Mossbauer spectroscopy  and other magnetic techniques
http://abstractsearch.agu.org/keywords/3934,3934,Optical  infrared  and Raman spectroscopy
http://abstractsearch.agu.org/keywords/3939,3939,Physical thermodynamics
http://abstractsearch.agu.org/keywords/3944,3944,Shock wave experiments
http://abstractsearch.agu.org/keywords/3947,3947,Surfaces and interfaces
http://abstractsearch.agu.org/keywords/3949,3949,Thermal expansivity
http://abstractsearch.agu.org/keywords/3954,3954,X-ray  neutron  and electron spectroscopy and diffraction
http://abstractsearch.agu.org/keywords/3994,3994,Instruments and techniques
http://abstractsearch.agu.org/keywords/3999,3999,General or miscellaneous
http://abstractsearch.agu.org/keywords/4200,4200,OCEANOGRAPHY: GENERAL
http://abstractsearch.agu.org/keywords/4203,4203,Analytical modeling and laboratory experiments
http://abstractsearch.agu.org/keywords/4207,4207,Arctic and Antarctic oceanography
http://abstractsearch.agu.org/keywords/4211,4211,Benthic boundary layers
http://abstractsearch.agu.org/keywords/4215,4215,Climate and interannual variability
http://abstractsearch.agu.org/keywords/4217,4217,Coastal processes
http://abstractsearch.agu.org/keywords/4219,4219,Continental shelf and slope processes
http://abstractsearch.agu.org/keywords/4220,4220,Coral reef systems
http://abstractsearch.agu.org/keywords/4223,4223,Descriptive and regional oceanography
http://abstractsearch.agu.org/keywords/4227,4227,Diurnal  seasonal  and annual cycles
http://abstractsearch.agu.org/keywords/4231,4231,Equatorial oceanography
http://abstractsearch.agu.org/keywords/4235,4235,Estuarine processes
http://abstractsearch.agu.org/keywords/4239,4239,Limnology
http://abstractsearch.agu.org/keywords/4243,4243,Marginal and semi-enclosed seas
http://abstractsearch.agu.org/keywords/4247,4247,Marine meteorology
http://abstractsearch.agu.org/keywords/4251,4251,Marine pollution
http://abstractsearch.agu.org/keywords/4255,4255,Numerical modeling
http://abstractsearch.agu.org/keywords/4259,4259,Ocean acoustics
http://abstractsearch.agu.org/keywords/4260,4260,Ocean data assimilation and reanalysis
http://abstractsearch.agu.org/keywords/4262,4262,Ocean observing systems
http://abstractsearch.agu.org/keywords/4263,4263,Ocean predictability and prediction
http://abstractsearch.agu.org/keywords/4264,4264,Ocean optics
http://abstractsearch.agu.org/keywords/4271,4271,Physical and chemical properties of seawater
http://abstractsearch.agu.org/keywords/4273,4273,Physical and biogeochemical interactions
http://abstractsearch.agu.org/keywords/4275,4275,Remote sensing and electromagnetic processes
http://abstractsearch.agu.org/keywords/4277,4277,Time series experiments
http://abstractsearch.agu.org/keywords/4279,4279,Upwelling and convergences
http://abstractsearch.agu.org/keywords/4283,4283,Water masses
http://abstractsearch.agu.org/keywords/4294,4294,Instruments and techniques
http://abstractsearch.agu.org/keywords/4299,4299,General or miscellaneous
http://abstractsearch.agu.org/keywords/4300,4300,NATURAL HAZARDS
http://abstractsearch.agu.org/keywords/4301,4301,Atmospheric (0370 3322  3339)
http://abstractsearch.agu.org/keywords/4302,4302,Geological
http://abstractsearch.agu.org/keywords/4303,4303,Hydrological
http://abstractsearch.agu.org/keywords/4304,4304,Oceanic
http://abstractsearch.agu.org/keywords/4305,4305,Space weather
http://abstractsearch.agu.org/keywords/4306,4306,Multihazards
http://abstractsearch.agu.org/keywords/4307,4307,Methods
http://abstractsearch.agu.org/keywords/4308,4308,Other
http://abstractsearch.agu.org/keywords/4311,4311,Analogue modeling
http://abstractsearch.agu.org/keywords/4312,4312,Catastrophe and catastrophe theory
http://abstractsearch.agu.org/keywords/4313,4313,Extreme events
http://abstractsearch.agu.org/keywords/4314,4314,Mathematical and computer modeling
http://abstractsearch.agu.org/keywords/4315,4315,Monitoring  forecasting  prediction
http://abstractsearch.agu.org/keywords/4316,4316,Physical modeling
http://abstractsearch.agu.org/keywords/4317,4317,Precursors
http://abstractsearch.agu.org/keywords/4318,4318,Statistical analysis
http://abstractsearch.agu.org/keywords/4319,4319,Spatial modeling
http://abstractsearch.agu.org/keywords/4321,4321,Climate impact
http://abstractsearch.agu.org/keywords/4322,4322,Health impact
http://abstractsearch.agu.org/keywords/4323,4323,Human impact
http://abstractsearch.agu.org/keywords/4324,4324,Spatial decision support systems
http://abstractsearch.agu.org/keywords/4325,4325,Megacities and urban environment
http://abstractsearch.agu.org/keywords/4326,4326,Exposure
http://abstractsearch.agu.org/keywords/4327,4327,Resilience
http://abstractsearch.agu.org/keywords/4328,4328,Risk
http://abstractsearch.agu.org/keywords/4329,4329,Sustainable development
http://abstractsearch.agu.org/keywords/4330,4330,Vulnerability
http://abstractsearch.agu.org/keywords/4331,4331,Disaster relief
http://abstractsearch.agu.org/keywords/4332,4332,Disaster resilience
http://abstractsearch.agu.org/keywords/4333,4333,Disaster risk analysis and assessment
http://abstractsearch.agu.org/keywords/4334,4334,Disaster risk communication
http://abstractsearch.agu.org/keywords/4335,4335,Disaster management
http://abstractsearch.agu.org/keywords/4336,4336,Economic impacts of disasters
http://abstractsearch.agu.org/keywords/4337,4337,Remote sensing and disasters
http://abstractsearch.agu.org/keywords/4338,4338,Disaster policy
http://abstractsearch.agu.org/keywords/4339,4339,Disaster mitigation
http://abstractsearch.agu.org/keywords/4341,4341,Early warning systems
http://abstractsearch.agu.org/keywords/4342,4342,Emergency management
http://abstractsearch.agu.org/keywords/4343,4343,Preparedness and planning
http://abstractsearch.agu.org/keywords/4344,4344,Microzonation and macrozonation
http://abstractsearch.agu.org/keywords/4345,4345,Community management
http://abstractsearch.agu.org/keywords/4346,4346,Emergency response and evacuations
http://abstractsearch.agu.org/keywords/4347,4347,Recovery and reconstruction after disaster
http://abstractsearch.agu.org/keywords/4348,4348,Contingency planning
http://abstractsearch.agu.org/keywords/4351,4351,International organizations and natural disasters
http://abstractsearch.agu.org/keywords/4352,4352,Interaction between science and disaster management authorities
http://abstractsearch.agu.org/keywords/4353,4353,Sociology of disasters
http://abstractsearch.agu.org/keywords/4354,4354,Psychology of disasters
http://abstractsearch.agu.org/keywords/4355,4355,Miscellaneous
http://abstractsearch.agu.org/keywords/4400,4400,NONLINEAR GEOPHYSICS
http://abstractsearch.agu.org/keywords/4410,4410,Bifurcations and attractors
http://abstractsearch.agu.org/keywords/4415,4415,Cascades
http://abstractsearch.agu.org/keywords/4420,4420,Chaos
http://abstractsearch.agu.org/keywords/4425,4425,Critical phenomena
http://abstractsearch.agu.org/keywords/4430,4430,Complex systems
http://abstractsearch.agu.org/keywords/4435,4435,Emergent phenomena
http://abstractsearch.agu.org/keywords/4440,4440,Fractals and multifractals
http://abstractsearch.agu.org/keywords/4445,4445,Nonlinear differential equations
http://abstractsearch.agu.org/keywords/4450,4450,Nonlinear maps
http://abstractsearch.agu.org/keywords/4455,4455,Nonlinear waves  shock waves  solitons
http://abstractsearch.agu.org/keywords/4460,4460,Pattern formation
http://abstractsearch.agu.org/keywords/4465,4465,Phase transitions
http://abstractsearch.agu.org/keywords/4468,4468,Probability distributions  heavy and fat-tailed
http://abstractsearch.agu.org/keywords/4470,4470,Renormalization group methods
http://abstractsearch.agu.org/keywords/4475,4475,Scaling: spatial and temporal
http://abstractsearch.agu.org/keywords/4480,4480,Self-organized criticality
http://abstractsearch.agu.org/keywords/4485,4485,Self-organization
http://abstractsearch.agu.org/keywords/4490,4490,Turbulence
http://abstractsearch.agu.org/keywords/4494,4494,Instruments and techniques
http://abstractsearch.agu.org/keywords/4499,4499,General or miscellaneous
http://abstractsearch.agu.org/keywords/4500,4500,OCEANOGRAPHY: PHYSICAL
http://abstractsearch.agu.org/keywords/4504,4504,Air/sea interactions
http://abstractsearch.agu.org/keywords/4506,4506,Capillary waves
http://abstractsearch.agu.org/keywords/4508,4508,Coriolis effects
http://abstractsearch.agu.org/keywords/4512,4512,Currents
http://abstractsearch.agu.org/keywords/4513,4513,Decadal ocean variability
http://abstractsearch.agu.org/keywords/4515,4515,Deep recirculations
http://abstractsearch.agu.org/keywords/4516,4516,Eastern boundary currents
http://abstractsearch.agu.org/keywords/4520,4520,Eddies and mesoscale processes
http://abstractsearch.agu.org/keywords/4522,4522,ENSO
http://abstractsearch.agu.org/keywords/4524,4524,Fine structure and microstructure
http://abstractsearch.agu.org/keywords/4528,4528,Fronts and jets
http://abstractsearch.agu.org/keywords/4532,4532,General circulation
http://abstractsearch.agu.org/keywords/4534,4534,Hydrodynamic modeling
http://abstractsearch.agu.org/keywords/4536,4536,Hydrography and tracers
http://abstractsearch.agu.org/keywords/4540,4540,Ice mechanics and air/sea/ice exchange processes
http://abstractsearch.agu.org/keywords/4544,4544,Internal and inertial waves
http://abstractsearch.agu.org/keywords/4546,4546,Nearshore processes
http://abstractsearch.agu.org/keywords/4548,4548,Ocean fog
http://abstractsearch.agu.org/keywords/4550,4550,Ocean influence of Earth rotation
http://abstractsearch.agu.org/keywords/4553,4553,Overflows
http://abstractsearch.agu.org/keywords/4554,4554,Planetary waves
http://abstractsearch.agu.org/keywords/4556,4556,Sea level: variations and mean
http://abstractsearch.agu.org/keywords/4558,4558,Sediment transport
http://abstractsearch.agu.org/keywords/4560,4560,Surface waves and tides
http://abstractsearch.agu.org/keywords/4562,4562,Topographic/bathymetric interactions
http://abstractsearch.agu.org/keywords/4564,4564,Tsunamis and storm surges
http://abstractsearch.agu.org/keywords/4568,4568,Turbulence  diffusion  and mixing processes
http://abstractsearch.agu.org/keywords/4572,4572,Upper ocean and mixed layer processes
http://abstractsearch.agu.org/keywords/4576,4576,Western boundary currents
http://abstractsearch.agu.org/keywords/4594,4594,Instruments and techniques
http://abstractsearch.agu.org/keywords/4599,4599,General or miscellaneous
http://abstractsearch.agu.org/keywords/4800,4800,OCEANOGRAPHY: BIOLOGICAL AND CHEMICAL
http://abstractsearch.agu.org/keywords/4801,4801,Aerosols
http://abstractsearch.agu.org/keywords/4802,4802,Anoxic environments
http://abstractsearch.agu.org/keywords/4803,4803,Analytical chemistry
http://abstractsearch.agu.org/keywords/4804,4804,Benthic processes  benthos
http://abstractsearch.agu.org/keywords/4805,4805,Biogeochemical cycles  processes  and modeling
http://abstractsearch.agu.org/keywords/4806,4806,Carbon cycling
http://abstractsearch.agu.org/keywords/4807,4807,Chemical speciation and complexation
http://abstractsearch.agu.org/keywords/4808,4808,Chemical tracers
http://abstractsearch.agu.org/keywords/4809,4809,Colloids
http://abstractsearch.agu.org/keywords/4811,4811,Chemosynthesis
http://abstractsearch.agu.org/keywords/4813,4813,Ecological prediction
http://abstractsearch.agu.org/keywords/4815,4815,Ecosystems  structure  dynamics  and modeling
http://abstractsearch.agu.org/keywords/4817,4817,Food webs  structure  and dynamics
http://abstractsearch.agu.org/keywords/4820,4820,Gases
http://abstractsearch.agu.org/keywords/4825,4825,Geochemistry
http://abstractsearch.agu.org/keywords/4830,4830,Higher trophic levels
http://abstractsearch.agu.org/keywords/4832,4832,Hydrothermal systems
http://abstractsearch.agu.org/keywords/4834,4834,Hypoxic environments
http://abstractsearch.agu.org/keywords/4835,4835,Marine inorganic chemistry
http://abstractsearch.agu.org/keywords/4840,4840,Microbiology and microbial ecology
http://abstractsearch.agu.org/keywords/4843,4843,Natural products chemistry
http://abstractsearch.agu.org/keywords/4845,4845,Nutrients and nutrient cycling
http://abstractsearch.agu.org/keywords/4850,4850,Marine organic chemistry
http://abstractsearch.agu.org/keywords/4851,4851,Oxidation/reduction reactions
http://abstractsearch.agu.org/keywords/4852,4852,Photochemistry
http://abstractsearch.agu.org/keywords/4853,4853,Photosynthesis
http://abstractsearch.agu.org/keywords/4854,4854,Physical chemistry
http://abstractsearch.agu.org/keywords/4855,4855,Phytoplankton
http://abstractsearch.agu.org/keywords/4858,4858,Population dynamics and ecology
http://abstractsearch.agu.org/keywords/4860,4860,Radioactivity and radioisotopes
http://abstractsearch.agu.org/keywords/4863,4863,Sedimentation
http://abstractsearch.agu.org/keywords/4866,4866,Sorptive scavenging
http://abstractsearch.agu.org/keywords/4870,4870,Stable isotopes
http://abstractsearch.agu.org/keywords/4872,4872,Symbiosis
http://abstractsearch.agu.org/keywords/4875,4875,Trace elements
http://abstractsearch.agu.org/keywords/4890,4890,Zooplankton
http://abstractsearch.agu.org/keywords/4894,4894,Instruments  sensors  and techniques
http://abstractsearch.agu.org/keywords/4899,4899,General or miscellaneous
http://abstractsearch.agu.org/keywords/4900,4900,PALEOCEANOGRAPHY
http://abstractsearch.agu.org/keywords/4901,4901,Abrupt/rapid climate change
http://abstractsearch.agu.org/keywords/4902,4902,Anthropogenic effects
http://abstractsearch.agu.org/keywords/4904,4904,Atmospheric transport and circulation
http://abstractsearch.agu.org/keywords/4906,4906,Aerosols
http://abstractsearch.agu.org/keywords/4908,4908,Albedo
http://abstractsearch.agu.org/keywords/4910,4910,Astronomical forcing
http://abstractsearch.agu.org/keywords/4912,4912,Biogeochemical cycles  processes  and modeling
http://abstractsearch.agu.org/keywords/4914,4914,Continental climate records
http://abstractsearch.agu.org/keywords/4916,4916,Corals
http://abstractsearch.agu.org/keywords/4918,4918,Cosmogenic isotopes
http://abstractsearch.agu.org/keywords/4920,4920,Dendrochronology
http://abstractsearch.agu.org/keywords/4922,4922,El Nino
http://abstractsearch.agu.org/keywords/4924,4924,Geochemical tracers
http://abstractsearch.agu.org/keywords/4926,4926,Glacial
http://abstractsearch.agu.org/keywords/4928,4928,Global climate models
http://abstractsearch.agu.org/keywords/4930,4930,Greenhouse gases
http://abstractsearch.agu.org/keywords/4932,4932,Ice cores
http://abstractsearch.agu.org/keywords/4934,4934,Insolation forcing
http://abstractsearch.agu.org/keywords/4936,4936,Interglacial
http://abstractsearch.agu.org/keywords/4938,4938,Interhemispheric phasing
http://abstractsearch.agu.org/keywords/4940,4940,Isotopic stage
http://abstractsearch.agu.org/keywords/4942,4942,Limnology
http://abstractsearch.agu.org/keywords/4944,4944,Micropaleontology
http://abstractsearch.agu.org/keywords/4946,4946,Milankovitch theory
http://abstractsearch.agu.org/keywords/4948,4948,Paleocene/Eocene thermal maximum
http://abstractsearch.agu.org/keywords/4950,4950,Paleoecology
http://abstractsearch.agu.org/keywords/4952,4952,Palynology
http://abstractsearch.agu.org/keywords/4954,4954,Sea surface temperature
http://abstractsearch.agu.org/keywords/4958,4958,Speleothems
http://abstractsearch.agu.org/keywords/4960,4960,Stadial
http://abstractsearch.agu.org/keywords/4962,4962,Thermohaline
http://abstractsearch.agu.org/keywords/4964,4964,Upwelling
http://abstractsearch.agu.org/keywords/4994,4994,Instruments and techniques
http://abstractsearch.agu.org/keywords/4999,4999,General or miscellaneous
http://abstractsearch.agu.org/keywords/5100,5100,PHYSICAL PROPERTIES OF ROCKS
http://abstractsearch.agu.org/keywords/5102,5102,Acoustic properties
http://abstractsearch.agu.org/keywords/5104,5104,Fracture and flow
http://abstractsearch.agu.org/keywords/5109,5109,Magnetic and electrical properties
http://abstractsearch.agu.org/keywords/5112,5112,Microstructure
http://abstractsearch.agu.org/keywords/5114,5114,Permeability and porosity
http://abstractsearch.agu.org/keywords/5120,5120,Plasticity  diffusion  and creep
http://abstractsearch.agu.org/keywords/5134,5134,Thermal properties
http://abstractsearch.agu.org/keywords/5139,5139,Transport properties
http://abstractsearch.agu.org/keywords/5144,5144,Wave attenuation
http://abstractsearch.agu.org/keywords/5194,5194,Instruments and techniques
http://abstractsearch.agu.org/keywords/5199,5199,General or miscellaneous
http://abstractsearch.agu.org/keywords/5200,5200,PLANETARY SCIENCES: ASTROBIOLOGY
http://abstractsearch.agu.org/keywords/5205,5205,Formation of stars and planets
http://abstractsearch.agu.org/keywords/5210,5210,Planetary atmospheres  clouds  and hazes
http://abstractsearch.agu.org/keywords/5215,5215,Origin of life
http://abstractsearch.agu.org/keywords/5220,5220,Hydrothermal systems and weathering on other planets
http://abstractsearch.agu.org/keywords/5225,5225,Early environment of Earth
http://abstractsearch.agu.org/keywords/5400,5400,PLANETARY SCIENCES: SOLID SURFACE PLANETS
http://abstractsearch.agu.org/keywords/5405,5405,Atmospheres
http://abstractsearch.agu.org/keywords/5408,5408,Aurorae and airglow
http://abstractsearch.agu.org/keywords/5410,5410,Composition
http://abstractsearch.agu.org/keywords/5415,5415,Erosion and weathering
http://abstractsearch.agu.org/keywords/5416,5416,Glaciation
http://abstractsearch.agu.org/keywords/5417,5417,Gravitational fields
http://abstractsearch.agu.org/keywords/5418,5418,Heat flow
http://abstractsearch.agu.org/keywords/5419,5419,Hydrology and fluvial processes
http://abstractsearch.agu.org/keywords/5420,5420,Impact phenomena  cratering
http://abstractsearch.agu.org/keywords/5421,5421,Interactions with particles and fields
http://abstractsearch.agu.org/keywords/5422,5422,Ices
http://abstractsearch.agu.org/keywords/5430,5430,Interiors
http://abstractsearch.agu.org/keywords/5435,5435,Ionospheres
http://abstractsearch.agu.org/keywords/5440,5440,Magnetic fields and magnetism
http://abstractsearch.agu.org/keywords/5443,5443,Magnetospheres
http://abstractsearch.agu.org/keywords/5445,5445,Meteorology
http://abstractsearch.agu.org/keywords/5450,5450,Orbital and rotational dynamics
http://abstractsearch.agu.org/keywords/5455,5455,Origin and evolution
http://abstractsearch.agu.org/keywords/5460,5460,Physical properties of materials
http://abstractsearch.agu.org/keywords/5462,5462,Polar regions
http://abstractsearch.agu.org/keywords/5464,5464,Remote sensing
http://abstractsearch.agu.org/keywords/5465,5465,Rings and dust
http://abstractsearch.agu.org/keywords/5470,5470,Surface materials and properties
http://abstractsearch.agu.org/keywords/5475,5475,Tectonics
http://abstractsearch.agu.org/keywords/5480,5480,Volcanism
http://abstractsearch.agu.org/keywords/5494,5494,Instruments and techniques
http://abstractsearch.agu.org/keywords/5499,5499,General or miscellaneous
http://abstractsearch.agu.org/keywords/5700,5700,PLANETARY SCIENCES: FLUID PLANETS
http://abstractsearch.agu.org/keywords/5704,5704,Atmospheres
http://abstractsearch.agu.org/keywords/5706,5706,Aurorae
http://abstractsearch.agu.org/keywords/5709,5709,Composition
http://abstractsearch.agu.org/keywords/5714,5714,Gravitational fields
http://abstractsearch.agu.org/keywords/5719,5719,Interactions with particles and fields
http://abstractsearch.agu.org/keywords/5724,5724,Interiors
http://abstractsearch.agu.org/keywords/5729,5729,Ionospheres
http://abstractsearch.agu.org/keywords/5734,5734,Magnetic fields and magnetism
http://abstractsearch.agu.org/keywords/5737,5737,Magnetospheres
http://abstractsearch.agu.org/keywords/5739,5739,Meteorology
http://abstractsearch.agu.org/keywords/5744,5744,Orbital and rotational dynamics
http://abstractsearch.agu.org/keywords/5749,5749,Origin and evolution
http://abstractsearch.agu.org/keywords/5754,5754,Polar regions
http://abstractsearch.agu.org/keywords/5759,5759,Rings and dust
http://abstractsearch.agu.org/keywords/5770,5770,Tidal forces
http://abstractsearch.agu.org/keywords/5780,5780,Tori and exospheres
http://abstractsearch.agu.org/keywords/5794,5794,Instruments and techniques
http://abstractsearch.agu.org/keywords/5799,5799,General or miscellaneous
http://abstractsearch.agu.org/keywords/6000,6000,PLANETARY SCIENCES: COMETS AND SMALL BODIES
http://abstractsearch.agu.org/keywords/6005,6005,Atmospheres
http://abstractsearch.agu.org/keywords/6008,6008,Composition
http://abstractsearch.agu.org/keywords/6009,6009,Aurorae  airglow  and X-ray emission
http://abstractsearch.agu.org/keywords/6015,6015,Dust
http://abstractsearch.agu.org/keywords/6017,6017,Erosion and weathering
http://abstractsearch.agu.org/keywords/6019,6019,Gravitational fields
http://abstractsearch.agu.org/keywords/6020,6020,Ices
http://abstractsearch.agu.org/keywords/6022,6022,Impact phenomena
http://abstractsearch.agu.org/keywords/6023,6023,Comets: dust tails and trails
http://abstractsearch.agu.org/keywords/6024,6024,Interiors
http://abstractsearch.agu.org/keywords/6025,6025,Interactions with solar wind plasma and fields
http://abstractsearch.agu.org/keywords/6026,6026,Ionospheres
http://abstractsearch.agu.org/keywords/6030,6030,Magnetic fields and magnetism
http://abstractsearch.agu.org/keywords/6033,6033,Magnetospheres
http://abstractsearch.agu.org/keywords/6035,6035,Orbital and rotational dynamics
http://abstractsearch.agu.org/keywords/6040,6040,Origin and evolution
http://abstractsearch.agu.org/keywords/6045,6045,Physics and chemistry of materials
http://abstractsearch.agu.org/keywords/6050,6050,Plasma and MHD instabilities
http://abstractsearch.agu.org/keywords/6055,6055,Surfaces
http://abstractsearch.agu.org/keywords/6060,6060,Radiation and chemistry
http://abstractsearch.agu.org/keywords/6063,6063,Volcanism
http://abstractsearch.agu.org/keywords/6094,6094,Instruments and techniques
http://abstractsearch.agu.org/keywords/6099,6099,General or miscellaneous
http://abstractsearch.agu.org/keywords/6200,6200,PLANETARY SCIENCES: SOLAR SYSTEM OBJECTS
http://abstractsearch.agu.org/keywords/6205,6205,Asteroids
http://abstractsearch.agu.org/keywords/6206,6206,Asteroids: satellites
http://abstractsearch.agu.org/keywords/6207,6207,Comparative planetology
http://abstractsearch.agu.org/keywords/6210,6210,Comets
http://abstractsearch.agu.org/keywords/6211,6211,Centaurs
http://abstractsearch.agu.org/keywords/6213,6213,Dust
http://abstractsearch.agu.org/keywords/6218,6218,Jovian satellites
http://abstractsearch.agu.org/keywords/6219,6219,Io
http://abstractsearch.agu.org/keywords/6220,6220,Jupiter
http://abstractsearch.agu.org/keywords/6221,6221,Europa
http://abstractsearch.agu.org/keywords/6222,6222,Ganymede
http://abstractsearch.agu.org/keywords/6223,6223,Callisto
http://abstractsearch.agu.org/keywords/6224,6224,Kuiper belt objects
http://abstractsearch.agu.org/keywords/6225,6225,Mars
http://abstractsearch.agu.org/keywords/6230,6230,Martian satellites
http://abstractsearch.agu.org/keywords/6235,6235,Mercury
http://abstractsearch.agu.org/keywords/6240,6240,Meteorites and tektites
http://abstractsearch.agu.org/keywords/6245,6245,Meteors
http://abstractsearch.agu.org/keywords/6250,6250,Moon
http://abstractsearch.agu.org/keywords/6255,6255,Neptune
http://abstractsearch.agu.org/keywords/6260,6260,Neptunian satellites
http://abstractsearch.agu.org/keywords/6261,6261,Triton
http://abstractsearch.agu.org/keywords/6265,6265,Planetary rings
http://abstractsearch.agu.org/keywords/6270,6270,Pluto and satellites
http://abstractsearch.agu.org/keywords/6275,6275,Saturn
http://abstractsearch.agu.org/keywords/6280,6280,Saturnian satellites
http://abstractsearch.agu.org/keywords/6281,6281,Titan
http://abstractsearch.agu.org/keywords/6285,6285,Trans-Neptunian objects
http://abstractsearch.agu.org/keywords/6290,6290,Uranian satellites
http://abstractsearch.agu.org/keywords/6293,6293,Uranus
http://abstractsearch.agu.org/keywords/6295,6295,Venus
http://abstractsearch.agu.org/keywords/6296,6296,Extra-solar planets
http://abstractsearch.agu.org/keywords/6297,6297,Instruments and techniques
http://abstractsearch.agu.org/keywords/6299,6299,General or miscellaneous
http://abstractsearch.agu.org/keywords/6300,6300,POLICY SCIENCES
http://abstractsearch.agu.org/keywords/6304,6304,Benefit-cost analysis
http://abstractsearch.agu.org/keywords/6309,6309,Decision making under uncertainty
http://abstractsearch.agu.org/keywords/6314,6314,Demand estimation
http://abstractsearch.agu.org/keywords/6319,6319,Institutions
http://abstractsearch.agu.org/keywords/6324,6324,Legislation and regulations
http://abstractsearch.agu.org/keywords/6329,6329,Project evaluation
http://abstractsearch.agu.org/keywords/6334,6334,Regional planning
http://abstractsearch.agu.org/keywords/6339,6339,System design
http://abstractsearch.agu.org/keywords/6344,6344,System operation and management
http://abstractsearch.agu.org/keywords/6349,6349,General or miscellaneous
http://abstractsearch.agu.org/keywords/6600,6600,PUBLIC ISSUES
http://abstractsearch.agu.org/keywords/6610,6610,Funding
http://abstractsearch.agu.org/keywords/6615,6615,Legislation and regulations
http://abstractsearch.agu.org/keywords/6620,6620,Science policy
http://abstractsearch.agu.org/keywords/6630,6630,Workforce
http://abstractsearch.agu.org/keywords/6699,6699,General or miscellaneous
http://abstractsearch.agu.org/keywords/6900,6900,RADIO SCIENCE
http://abstractsearch.agu.org/keywords/6914,6914,Electromagnetic noise and interference
http://abstractsearch.agu.org/keywords/6924,6924,Interferometry
http://abstractsearch.agu.org/keywords/6929,6929,Ionospheric physics
http://abstractsearch.agu.org/keywords/6934,6934,Ionospheric propagation
http://abstractsearch.agu.org/keywords/6939,6939,Magnetospheric physics
http://abstractsearch.agu.org/keywords/6944,6944,Nonlinear phenomena
http://abstractsearch.agu.org/keywords/6949,6949,Radar astronomy
http://abstractsearch.agu.org/keywords/6952,6952,Radar atmospheric physics
http://abstractsearch.agu.org/keywords/6954,6954,Radio astronomy
http://abstractsearch.agu.org/keywords/6959,6959,Radio oceanography
http://abstractsearch.agu.org/keywords/6964,6964,Radio wave propagation
http://abstractsearch.agu.org/keywords/6969,6969,Remote sensing
http://abstractsearch.agu.org/keywords/6974,6974,Signal processing
http://abstractsearch.agu.org/keywords/6979,6979,Space and satellite communication
http://abstractsearch.agu.org/keywords/6982,6982,Tomography and imaging
http://abstractsearch.agu.org/keywords/6984,6984,Waves in plasma
http://abstractsearch.agu.org/keywords/6994,6994,Instruments and techniques
http://abstractsearch.agu.org/keywords/6999,6999,General or miscellaneous
http://abstractsearch.agu.org/keywords/7200,7200,SEISMOLOGY
http://abstractsearch.agu.org/keywords/7203,7203,Body waves
http://abstractsearch.agu.org/keywords/7205,7205,Continental crust
http://abstractsearch.agu.org/keywords/7207,7207,Core
http://abstractsearch.agu.org/keywords/7208,7208,Mantle
http://abstractsearch.agu.org/keywords/7209,7209,Earthquake dynamics
http://abstractsearch.agu.org/keywords/7212,7212,Earthquake ground motions and engineering seismology
http://abstractsearch.agu.org/keywords/7215,7215,Earthquake source observations
http://abstractsearch.agu.org/keywords/7218,7218,Lithosphere
http://abstractsearch.agu.org/keywords/7219,7219,Seismic monitoring and test-ban treaty verification
http://abstractsearch.agu.org/keywords/7220,7220,Oceanic crust
http://abstractsearch.agu.org/keywords/7221,7221,Paleoseismology
http://abstractsearch.agu.org/keywords/7223,7223,Earthquake interaction  forecasting  and prediction
http://abstractsearch.agu.org/keywords/7230,7230,Seismicity and tectonics
http://abstractsearch.agu.org/keywords/7240,7240,Subduction zones
http://abstractsearch.agu.org/keywords/7245,7245,Mid-ocean ridges
http://abstractsearch.agu.org/keywords/7250,7250,Transform faults
http://abstractsearch.agu.org/keywords/7255,7255,Surface waves and free oscillations
http://abstractsearch.agu.org/keywords/7260,7260,Theory
http://abstractsearch.agu.org/keywords/7270,7270,Tomography
http://abstractsearch.agu.org/keywords/7280,7280,Volcano seismology
http://abstractsearch.agu.org/keywords/7290,7290,Computational seismology
http://abstractsearch.agu.org/keywords/7294,7294,Seismic instruments and networks
http://abstractsearch.agu.org/keywords/7299,7299,General or miscellaneous
http://abstractsearch.agu.org/keywords/7500,7500,SOLAR PHYSICS  ASTROPHYSICS  AND ASTRONOMY
http://abstractsearch.agu.org/keywords/7504,7504,Celestial mechanics
http://abstractsearch.agu.org/keywords/7507,7507,Chromosphere
http://abstractsearch.agu.org/keywords/7509,7509,Corona
http://abstractsearch.agu.org/keywords/7511,7511,Coronal holes
http://abstractsearch.agu.org/keywords/7513,7513,Coronal mass ejections
http://abstractsearch.agu.org/keywords/7514,7514,Energetic particles
http://abstractsearch.agu.org/keywords/7519,7519,Flares
http://abstractsearch.agu.org/keywords/7522,7522,Helioseismology
http://abstractsearch.agu.org/keywords/7524,7524,Magnetic fields
http://abstractsearch.agu.org/keywords/7526,7526,Magnetic reconnection
http://abstractsearch.agu.org/keywords/7529,7529,Photosphere
http://abstractsearch.agu.org/keywords/7531,7531,Prominence eruptions
http://abstractsearch.agu.org/keywords/7534,7534,Radio emissions
http://abstractsearch.agu.org/keywords/7536,7536,Solar activity cycle
http://abstractsearch.agu.org/keywords/7537,7537,Solar and stellar variability
http://abstractsearch.agu.org/keywords/7538,7538,Solar irradiance
http://abstractsearch.agu.org/keywords/7539,7539,Stellar astronomy
http://abstractsearch.agu.org/keywords/7544,7544,Stellar interiors and dynamo theory
http://abstractsearch.agu.org/keywords/7546,7546,Transition region
http://abstractsearch.agu.org/keywords/7549,7549,Ultraviolet emissions
http://abstractsearch.agu.org/keywords/7554,7554,X-rays  gamma rays  and neutrinos
http://abstractsearch.agu.org/keywords/7594,7594,Instruments and techniques
http://abstractsearch.agu.org/keywords/7599,7599,General or miscellaneous
http://abstractsearch.agu.org/keywords/7800,7800,SPACE PLASMA PHYSICS
http://abstractsearch.agu.org/keywords/7803,7803,Active perturbation experiments
http://abstractsearch.agu.org/keywords/7805,7805,Chaos
http://abstractsearch.agu.org/keywords/7807,7807,Charged particle motion and acceleration
http://abstractsearch.agu.org/keywords/7811,7811,Discontinuities
http://abstractsearch.agu.org/keywords/7815,7815,Electrostatic structures
http://abstractsearch.agu.org/keywords/7823,7823,Ionization processes
http://abstractsearch.agu.org/keywords/7827,7827,Kinetic and MHD theory
http://abstractsearch.agu.org/keywords/7829,7829,Kinetic waves and instabilities
http://abstractsearch.agu.org/keywords/7831,7831,Laboratory studies and experimental techniques
http://abstractsearch.agu.org/keywords/7833,7833,Mathematical and numerical techniques
http://abstractsearch.agu.org/keywords/7835,7835,Magnetic reconnection
http://abstractsearch.agu.org/keywords/7836,7836,MHD waves and instabilities
http://abstractsearch.agu.org/keywords/7837,7837,Neutral particles
http://abstractsearch.agu.org/keywords/7839,7839,Nonlinear phenomena
http://abstractsearch.agu.org/keywords/7844,7844,Parametric processes
http://abstractsearch.agu.org/keywords/7845,7845,Particle acceleration
http://abstractsearch.agu.org/keywords/7846,7846,Plasma energization
http://abstractsearch.agu.org/keywords/7847,7847,Radiation processes
http://abstractsearch.agu.org/keywords/7849,7849,Plasma interactions with dust and aerosols
http://abstractsearch.agu.org/keywords/7851,7851,Shock waves
http://abstractsearch.agu.org/keywords/7852,7852,Solitons and solitary waves
http://abstractsearch.agu.org/keywords/7853,7853,Spacecraft/atmosphere interactions
http://abstractsearch.agu.org/keywords/7855,7855,Spacecraft sheaths  wakes  charging
http://abstractsearch.agu.org/keywords/7857,7857,Stochastic phenomena
http://abstractsearch.agu.org/keywords/7859,7859,Transport processes
http://abstractsearch.agu.org/keywords/7863,7863,Turbulence
http://abstractsearch.agu.org/keywords/7867,7867,Wave/particle interactions
http://abstractsearch.agu.org/keywords/7868,7868,Wave/wave interactions
http://abstractsearch.agu.org/keywords/7894,7894,Instruments and techniques
http://abstractsearch.agu.org/keywords/7899,7899,General or miscellaneous
http://abstractsearch.agu.org/keywords/7900,7900,SPACE WEATHER
http://abstractsearch.agu.org/keywords/7904,7904,Geomagnetically induced currents
http://abstractsearch.agu.org/keywords/7914,7914,Engineering for hazard mitigation
http://abstractsearch.agu.org/keywords/7924,7924,Forecasting
http://abstractsearch.agu.org/keywords/7934,7934,Impacts on technological systems
http://abstractsearch.agu.org/keywords/7938,7938,Impacts on humans
http://abstractsearch.agu.org/keywords/7944,7944,Ionospheric effects on radio waves
http://abstractsearch.agu.org/keywords/7949,7949,Ionospheric storms
http://abstractsearch.agu.org/keywords/7954,7954,Magnetic storms
http://abstractsearch.agu.org/keywords/7959,7959,Models
http://abstractsearch.agu.org/keywords/7964,7964,Policy
http://abstractsearch.agu.org/keywords/7969,7969,Satellite drag
http://abstractsearch.agu.org/keywords/7974,7974,Solar effects
http://abstractsearch.agu.org/keywords/7984,7984,Space radiation environment
http://abstractsearch.agu.org/keywords/7999,7999,General or miscellaneous
http://abstractsearch.agu.org/keywords/8000,8000,STRUCTURAL GEOLOGY
http://abstractsearch.agu.org/keywords/8002,8002,Continental neotectonics
http://abstractsearch.agu.org/keywords/8003,8003,Diapir and diapirism
http://abstractsearch.agu.org/keywords/8004,8004,Dynamics and mechanics of faulting
http://abstractsearch.agu.org/keywords/8005,8005,Folds and folding
http://abstractsearch.agu.org/keywords/8010,8010,Fractures and faults
http://abstractsearch.agu.org/keywords/8011,8011,Kinematics of crustal and mantle deformation
http://abstractsearch.agu.org/keywords/8012,8012,High strain deformation zones
http://abstractsearch.agu.org/keywords/8015,8015,Local crustal structure
http://abstractsearch.agu.org/keywords/8020,8020,Mechanics  theory  and modeling
http://abstractsearch.agu.org/keywords/8021,8021,Melanges
http://abstractsearch.agu.org/keywords/8025,8025,Mesoscopic fabrics
http://abstractsearch.agu.org/keywords/8030,8030,Microstructures
http://abstractsearch.agu.org/keywords/8031,8031,Rheology: crust and lithosphere
http://abstractsearch.agu.org/keywords/8032,8032,Rheology: general
http://abstractsearch.agu.org/keywords/8033,8033,Rheology: mantle
http://abstractsearch.agu.org/keywords/8034,8034,Rheology and friction of fault zones
http://abstractsearch.agu.org/keywords/8035,8035,Pluton emplacement
http://abstractsearch.agu.org/keywords/8036,8036,Paleoseismology
http://abstractsearch.agu.org/keywords/8038,8038,Regional crustal structure
http://abstractsearch.agu.org/keywords/8040,8040,Remote sensing
http://abstractsearch.agu.org/keywords/8045,8045,Role of fluids
http://abstractsearch.agu.org/keywords/8094,8094,Instruments and techniques
http://abstractsearch.agu.org/keywords/8099,8099,General or miscellaneous
http://abstractsearch.agu.org/keywords/8100,8100,TECTONOPHYSICS
http://abstractsearch.agu.org/keywords/8102,8102,Continental contractional orogenic belts and inversion tectonics
http://abstractsearch.agu.org/keywords/8103,8103,Continental cratons
http://abstractsearch.agu.org/keywords/8104,8104,Continental margins: convergent
http://abstractsearch.agu.org/keywords/8105,8105,Continental margins: divergent
http://abstractsearch.agu.org/keywords/8106,8106,Continental margins: transform
http://abstractsearch.agu.org/keywords/8107,8107,Continental neotectonics
http://abstractsearch.agu.org/keywords/8108,8108,Continental tectonics: compressional
http://abstractsearch.agu.org/keywords/8109,8109,Continental tectonics: extensional
http://abstractsearch.agu.org/keywords/8110,8110,Continental tectonics: general
http://abstractsearch.agu.org/keywords/8111,8111,Continental tectonics: strike-slip and transform
http://abstractsearch.agu.org/keywords/8115,8115,Core processes
http://abstractsearch.agu.org/keywords/8118,8118,Dynamics and mechanics of faulting
http://abstractsearch.agu.org/keywords/8120,8120,Dynamics of lithosphere and mantle: general
http://abstractsearch.agu.org/keywords/8121,8121,Dynamics: convection currents  and mantle plumes
http://abstractsearch.agu.org/keywords/8122,8122,Dynamics: gravity and tectonics
http://abstractsearch.agu.org/keywords/8123,8123,Dynamics: seismotectonics
http://abstractsearch.agu.org/keywords/8124,8124,Earth's interior: composition and state
http://abstractsearch.agu.org/keywords/8125,8125,Evolution of the Earth
http://abstractsearch.agu.org/keywords/8130,8130,Heat generation and transport
http://abstractsearch.agu.org/keywords/8135,8135,Hydrothermal systems
http://abstractsearch.agu.org/keywords/8136,8136,Impact phenomena
http://abstractsearch.agu.org/keywords/8137,8137,Hotspots  large igneous provinces  and flood basalt volcanism
http://abstractsearch.agu.org/keywords/8138,8138,Lithospheric flexure
http://abstractsearch.agu.org/keywords/8139,8139,Obduction tectonics
http://abstractsearch.agu.org/keywords/8140,8140,Ophiolites
http://abstractsearch.agu.org/keywords/8145,8145,Physics of magma and magma bodies
http://abstractsearch.agu.org/keywords/8147,8147,Planetary interiors
http://abstractsearch.agu.org/keywords/8148,8148,Planetary volcanism
http://abstractsearch.agu.org/keywords/8149,8149,Planetary tectonics
http://abstractsearch.agu.org/keywords/8150,8150,Plate boundary: general
http://abstractsearch.agu.org/keywords/8155,8155,Plate motions: general
http://abstractsearch.agu.org/keywords/8157,8157,Plate motions: past
http://abstractsearch.agu.org/keywords/8158,8158,Plate motions: present and recent
http://abstractsearch.agu.org/keywords/8159,8159,Rheology: crust and lithosphere
http://abstractsearch.agu.org/keywords/8160,8160,Rheology: general
http://abstractsearch.agu.org/keywords/8162,8162,Rheology: mantle
http://abstractsearch.agu.org/keywords/8163,8163,Rheology and friction of fault zones
http://abstractsearch.agu.org/keywords/8164,8164,Stresses: crust and lithosphere
http://abstractsearch.agu.org/keywords/8166,8166,Stresses: deep-seated
http://abstractsearch.agu.org/keywords/8168,8168,Stresses: general
http://abstractsearch.agu.org/keywords/8169,8169,Sedimentary basin processes
http://abstractsearch.agu.org/keywords/8170,8170,Subduction zone processes
http://abstractsearch.agu.org/keywords/8175,8175,Tectonics and landscape evolution
http://abstractsearch.agu.org/keywords/8177,8177,Tectonics and climatic interactions
http://abstractsearch.agu.org/keywords/8178,8178,Tectonics and magmatism
http://abstractsearch.agu.org/keywords/8180,8180,Tomography
http://abstractsearch.agu.org/keywords/8185,8185,Volcanic arcs
http://abstractsearch.agu.org/keywords/8194,8194,Instruments and techniques
http://abstractsearch.agu.org/keywords/8199,8199,General or miscellaneous
http://abstractsearch.agu.org/keywords/8400,8400,VOLCANOLOGY
http://abstractsearch.agu.org/keywords/8404,8404,Volcanoclastic deposits
http://abstractsearch.agu.org/keywords/8408,8408,Volcano/climate interactions
http://abstractsearch.agu.org/keywords/8409,8409,Atmospheric effects
http://abstractsearch.agu.org/keywords/8410,8410,Geochemical modeling
http://abstractsearch.agu.org/keywords/8411,8411,Thermodynamics
http://abstractsearch.agu.org/keywords/8412,8412,Reactions and phase equilibria
http://abstractsearch.agu.org/keywords/8413,8413,Subduction zone processes
http://abstractsearch.agu.org/keywords/8414,8414,Eruption mechanisms and flow emplacement
http://abstractsearch.agu.org/keywords/8415,8415,Intra-plate processes
http://abstractsearch.agu.org/keywords/8416,8416,Mid-oceanic ridge processes
http://abstractsearch.agu.org/keywords/8419,8419,Volcano monitoring
http://abstractsearch.agu.org/keywords/8424,8424,Hydrothermal systems
http://abstractsearch.agu.org/keywords/8425,8425,Effusive volcanism
http://abstractsearch.agu.org/keywords/8426,8426,Mud volcanism
http://abstractsearch.agu.org/keywords/8427,8427,Subaqueous volcanism
http://abstractsearch.agu.org/keywords/8428,8428,Explosive volcanism
http://abstractsearch.agu.org/keywords/8429,8429,Lava rheology and morphology
http://abstractsearch.agu.org/keywords/8430,8430,Volcanic gases
http://abstractsearch.agu.org/keywords/8434,8434,Magma migration and fragmentation
http://abstractsearch.agu.org/keywords/8439,8439,Physics and chemistry of magma bodies
http://abstractsearch.agu.org/keywords/8440,8440,Calderas
http://abstractsearch.agu.org/keywords/8445,8445,Experimental volcanism
http://abstractsearch.agu.org/keywords/8450,8450,Planetary volcanism
http://abstractsearch.agu.org/keywords/8455,8455,Tephrochronology
http://abstractsearch.agu.org/keywords/8485,8485,Remote sensing of volcanoes
http://abstractsearch.agu.org/keywords/8486,8486,Field relationships
http://abstractsearch.agu.org/keywords/8488,8488,Volcanic hazards and risks
http://abstractsearch.agu.org/keywords/8494,8494,Instruments and techniques
http://abstractsearch.agu.org/keywords/8499,8499,General or miscellaneous
http://abstractsearch.agu.org/keywords/9300,9300,GEOGRAPHIC LOCATION
http://abstractsearch.agu.org/keywords/9305,9305,Africa
http://abstractsearch.agu.org/keywords/9310,9310,Antarctica
http://abstractsearch.agu.org/keywords/9315,9315,Arctic region
http://abstractsearch.agu.org/keywords/9320,9320,Asia
http://abstractsearch.agu.org/keywords/9325,9325,Atlantic Ocean
http://abstractsearch.agu.org/keywords/9330,9330,Australia
http://abstractsearch.agu.org/keywords/9335,9335,Europe
http://abstractsearch.agu.org/keywords/9340,9340,Indian Ocean
http://abstractsearch.agu.org/keywords/9345,9345,Large bodies of water (e.g.  lakes and inland seas)
http://abstractsearch.agu.org/keywords/9350,9350,North America
http://abstractsearch.agu.org/keywords/9355,9355,Pacific Ocean
http://abstractsearch.agu.org/keywords/9360,9360,South America
http://abstractsearch.agu.org/keywords/9399,9399,General or miscellaneous
http://abstractsearch.agu.org/keywords/9600,9600,INFORMATION RELATED TO GEOLOGIC TIME
http://abstractsearch.agu.org/keywords/9604,9604,Cenozoic
http://abstractsearch.agu.org/keywords/9605,9605,Neogene
http://abstractsearch.agu.org/keywords/9606,9606,Paleogene
http://abstractsearch.agu.org/keywords/9609,9609,Mesozoic
http://abstractsearch.agu.org/keywords/9610,9610,Cretaceous
http://abstractsearch.agu.org/keywords/9611,9611,Jurassic
http://abstractsearch.agu.org/keywords/9612,9612,Triassic
http://abstractsearch.agu.org/keywords/9614,9614,Paleozoic
http://abstractsearch.agu.org/keywords/9615,9615,Permian
http://abstractsearch.agu.org/keywords/9616,9616,Carboniferous
http://abstractsearch.agu.org/keywords/9617,9617,Devonian
http://abstractsearch.agu.org/keywords/9618,9618,Silurian
http://abstractsearch.agu.org/keywords/9619,9619,Precambrian
http://abstractsearch.agu.org/keywords/9620,9620,Ordovician
http://abstractsearch.agu.org/keywords/9621,9621,Cambrian
http://abstractsearch.agu.org/keywords/9622,9622,Proterozoic
http://abstractsearch.agu.org/keywords/9623,9623,Archean
http://abstractsearch.agu.org/keywords/9699,9699,General or miscellaneous
http://abstractsearch.agu.org/keywords/9800,9800,GENERAL OR MISCELLANEOUS
http://abstractsearch.agu.org/keywords/9805,9805,Instruments useful in three or more fields
http://abstractsearch.agu.org/keywords/9810,9810,New fields (not classifiable under other headings)
http://abstractsearch.agu.org/keywords/9815,9815,Notices and announcements
http://abstractsearch.agu.org/keywords/9820,9820,Techniques applicable in three or more fields
http://abstractsearch.agu.org/keywords/9900,9900,CORRECTIONS